observation_id,timestamp,simulation_time_sec,train_id,route_id,data_source,data_quality_status,latitude,longitude,current_position_km,current_speed_kmph,current_speed_mps,target_speed_kmph,current_acceleration_mps2,braking_distance_m,section_speed_limit_kmph,restriction_speed_kmph,approach_speed_kmph,current_section_id,current_station_id,previous_station_id,next_station_id,distance_to_next_station_km,distance_to_destination_km,movement_state,station_event,actual_arrival_time,actual_departure_time,actual_dwell_min,current_delay_min,arrival_delay_min,departure_delay_min,signal_state,congestion_level,fog_active,fog_visibility_km,unscheduled_halt,active_event_ids,journey_id,predicted_congestion_probability,predicted_fog_risk,predicted_delay_risk,predicted_operational_risk,prediction_confidence,predicted_speed_impact,active_predicted_restriction,predicted_restriction_speed_kmph,eta_to_next_station_min,eta_to_destination_min,prediction_timestamp,prediction_horizon_min,prediction_source,target_eta_to_destination_min,target_eta_to_next_station_min
OBS_000001,08:10:00,0.0,12050,ROUTE_NDLS_AGC_01,SYNTHETIC_SIMULATOR,OK,28.6431,77.2197,0.675,54.0,15.0,104.5,0.5,187.5,110.0,,329.95,SEC_NDLS_NZM,NDLS,NDLS,NZM,6.325,194.325,ACCELERATING,DEPARTED,,08:10:00,,0.0,,,GREEN,LOW,False,,False,,JRN_NDLS_AGC_01_20260902_190156,0.2313,0.0,0.4541,0.4541,1.0,NONE,NONE,,7.0,215.9,08:10:00,30.0,BASELINE_HISTORICAL_CALIBRATION,117.0,3.5
OBS_000002,08:10:30,30.0,12050,ROUTE_NDLS_AGC_01,SYNTHETIC_SIMULATOR,OK,28.629389,77.228225,1.771,104.5,29.03,104.5,0.5,702.2,110.0,,313.63,SEC_NDLS_NZM,,NDLS,NZM,5.229,193.229,ACCELERATING,,,,,0.15,,,GREEN,LOW,False,,False,,JRN_NDLS_AGC_01_20260902_190156,0.2313,0.0,0.4541,0.4541,1.0,NONE,NONE,,3.0,110.9,08:10:30,30.0,BASELINE_HISTORICAL_CALIBRATION,116.5,3.0
OBS_000003,08:11:00,60.0,12050,ROUTE_NDLS_AGC_01,SYNTHETIC_SIMULATOR,OK,28.622646,77.232418,2.642,104.5,29.03,104.5,0.0,702.2,110.0,,285.17,SEC_NDLS_NZM,,NDLS,NZM,4.358,192.358,CRUISING,,,,,0.09,,,GREEN,LOW,False,,False,,JRN_NDLS_AGC_01_20260902_190156,0.2313,0.0,0.4541,0.4541,1.0,NONE,NONE,,2.5,110.4,08:11:00,30.0,BASELINE_HISTORICAL_CALIBRATION,116.0,2.5
OBS_000004,08:11:30,90.0,12050,ROUTE_NDLS_AGC_01,SYNTHETIC_SIMULATOR,OK,28.615903,77.23661,3.513,104.5,29.03,104.5,0.0,702.2,110.0,,260.35,SEC_NDLS_NZM,,NDLS,NZM,3.487,191.488,CRUISING,,,,,0.15,,,GREEN,LOW,False,,False,,JRN_NDLS_AGC_01_20260902_190156,0.2313,0.0,0.4541,0.4541,1.0,NONE,NONE,,2.0,109.9,08:11:30,30.0,BASELINE_HISTORICAL_CALIBRATION,115.5,2.0
OBS_000005,08:12:00,120.0,12050,ROUTE_NDLS_AGC_01,SYNTHETIC_SIMULATOR,OK,28.60916,77.240803,4.383,104.5,29.03,104.5,0.0,702.2,110.0,,232.89,SEC_NDLS_NZM,,NDLS,NZM,2.617,190.617,CRUISING,,,,,0.2,,,GREEN,LOW,False,,False,,JRN_NDLS_AGC_01_20260902_190156,0.2313,0.0,0.4541,0.4541,1.0,NONE,NONE,,1.5,109.4,08:12:00,30.0,BASELINE_HISTORICAL_CALIBRATION,115.0,1.5
OBS_000006,08:12:30,150.0,12050,ROUTE_NDLS_AGC_01,SYNTHETIC_SIMULATOR,OK,28.602418,77.244995,5.254,104.5,29.03,104.5,0.0,702.2,110.0,,201.73,SEC_NDLS_NZM,,NDLS,NZM,1.746,189.746,CRUISING,,,,,0.25,,,GREEN,LOW,False,,False,,JRN_NDLS_AGC_01_20260902_190156,0.2313,0.0,0.4541,0.4541,1.0,NONE,NONE,,1.0,108.9,08:12:30,30.0,BASELINE_HISTORICAL_CALIBRATION,114.5,1.0
OBS_000007,08:13:00,180.0,12050,ROUTE_NDLS_AGC_01,SYNTHETIC_SIMULATOR,OK,28.595675,77.249188,6.125,104.5,29.03,104.5,0.0,702.2,110.0,,164.78,SEC_NDLS_NZM,,NDLS,NZM,0.875,188.875,CRUISING,,,,,0.31,,,GREEN,LOW,False,,False,,JRN_NDLS_AGC_01_20260902_190156,0.2313,0.0,0.4541,0.4541,1.0,NONE,NONE,,0.5,108.4,08:13:00,30.0,BASELINE_HISTORICAL_CALIBRATION,114.0,0.5
OBS_000008,08:13:30,210.0,12050,ROUTE_NDLS_AGC_01,SYNTHETIC_SIMULATOR,OK,28.5889,77.2534,7.0,0.0,0.0,104.5,0.0,0.0,110.0,,116.65,SEC_NDLS_NZM,NZM,NZM,FDB,21.0,188.0,DWELLING,ARRIVED,08:13:30,,,0.36,,,GREEN,LOW,False,,False,,JRN_NDLS_AGC_01_20260902_190156,0.2313,0.0,0.4541,0.4541,1.0,NONE,NONE,,50.4,451.2,08:13:30,30.0,BASELINE_HISTORICAL_CALIBRATION,113.5,23.5
OBS_000009,08:14:00,240.0,12050,ROUTE_NDLS_AGC_01,SYNTHETIC_SIMULATOR,OK,28.5889,77.2534,7.0,0.0,0.0,0.0,0.0,0.0,130.0,,0.0,SEC_NZM_FDB,NZM,NZM,FDB,21.0,188.0,DWELLING,,,,,0.41,,,GREEN,LOW,False,,False,,JRN_NDLS_AGC_01_20260902_190156,0.2313,0.0,0.4541,0.4541,1.0,NONE,NONE,,50.4,451.2,08:14:00,30.0,BASELINE_HISTORICAL_CALIBRATION,113.0,23.0
OBS_000010,08:14:30,270.0,12050,ROUTE_NDLS_AGC_01,SYNTHETIC_SIMULATOR,OK,28.5889,77.2534,7.0,0.0,0.0,0.0,0.0,0.0,130.0,,0.0,SEC_NZM_FDB,NZM,NZM,FDB,21.0,188.0,DWELLING,,,,,0.91,,,GREEN,LOW,False,,False,,JRN_NDLS_AGC_01_20260902_190156,0.2313,0.0,0.4541,0.4541,1.0,NONE,NONE,,50.4,451.2,08:14:30,30.0,BASELINE_HISTORICAL_CALIBRATION,112.5,22.5
OBS_000011,08:15:00,300.0,12050,ROUTE_NDLS_AGC_01,SYNTHETIC_SIMULATOR,OK,28.5889,77.2534,7.0,0.0,0.0,0.0,0.0,0.0,130.0,,0.0,SEC_NZM_FDB,NZM,NZM,FDB,21.0,188.0,DWELLING,,,,,1.41,,,GREEN,LOW,False,,False,,JRN_NDLS_AGC_01_20260902_190156,0.2313,0.0,0.4541,0.4541,1.0,NONE,NONE,,50.4,451.2,08:15:00,30.0,BASELINE_HISTORICAL_CALIBRATION,112.0,22.0
OBS_000012,08:15:30,330.0,12050,ROUTE_NDLS_AGC_01,SYNTHETIC_SIMULATOR,OK,28.5889,77.2534,7.0,0.0,0.0,0.0,0.0,0.0,130.0,,0.0,SEC_NZM_FDB,NZM,NZM,FDB,21.0,188.0,DWELLING,,,,,1.91,,,GREEN,LOW,False,,False,,JRN_NDLS_AGC_01_20260902_190156,0.2313,0.0,0.4541,0.4541,1.0,NONE,NONE,,50.4,451.2,08:15:30,30.0,BASELINE_HISTORICAL_CALIBRATION,111.5,21.5
OBS_000013,08:16:00,360.0,12050,ROUTE_NDLS_AGC_01,SYNTHETIC_SIMULATOR,OK,28.5889,77.2534,7.0,0.0,0.0,0.0,0.0,0.0,130.0,,0.0,SEC_NZM_FDB,NZM,NZM,FDB,21.0,188.0,DWELLING,,,,,2.41,,,GREEN,LOW,False,,False,,JRN_NDLS_AGC_01_20260902_190156,0.2313,0.0,0.4541,0.4541,1.0,NONE,NONE,,50.4,451.2,08:16:00,30.0,BASELINE_HISTORICAL_CALIBRATION,111.0,21.0
OBS_000014,08:16:30,390.0,12050,ROUTE_NDLS_AGC_01,SYNTHETIC_SIMULATOR,OK,28.5889,77.2534,7.0,0.0,0.0,0.0,0.0,0.0,130.0,,0.0,SEC_NZM_FDB,NZM,NZM,FDB,21.0,188.0,DWELLING,,,,,2.91,,,GREEN,LOW,False,,False,,JRN_NDLS_AGC_01_20260902_190156,0.2313,0.0,0.4541,0.4541,1.0,NONE,NONE,,50.4,451.2,08:16:30,30.0,BASELINE_HISTORICAL_CALIBRATION,110.5,20.5
OBS_000015,08:17:00,420.0,12050,ROUTE_NDLS_AGC_01,SYNTHETIC_SIMULATOR,OK,28.5889,77.2534,7.0,0.0,0.0,0.0,0.0,0.0,130.0,,0.0,SEC_NZM_FDB,NZM,NZM,FDB,21.0,188.0,DWELLING,,,,,3.41,,,GREEN,LOW,False,,False,,JRN_NDLS_AGC_01_20260902_190156,0.2313,0.0,0.4541,0.4541,1.0,NONE,NONE,,50.4,451.2,08:17:00,30.0,BASELINE_HISTORICAL_CALIBRATION,110.0,20.0
OBS_000016,08:17:30,450.0,12050,ROUTE_NDLS_AGC_01,SYNTHETIC_SIMULATOR,OK,28.5889,77.2534,7.0,0.0,0.0,0.0,0.0,0.0,130.0,,0.0,SEC_NZM_FDB,NZM,NZM,FDB,21.0,188.0,DWELLING,,,,,3.91,,,GREEN,LOW,False,,False,,JRN_NDLS_AGC_01_20260902_190156,0.2313,0.0,0.4541,0.4541,1.0,NONE,NONE,,50.4,451.2,08:17:30,30.0,BASELINE_HISTORICAL_CALIBRATION,109.5,19.5
OBS_000017,08:18:00,480.0,12050,ROUTE_NDLS_AGC_01,SYNTHETIC_SIMULATOR,OK,28.5889,77.2534,7.0,0.0,0.0,0.0,0.0,0.0,130.0,,0.0,SEC_NZM_FDB,NZM,NZM,FDB,21.0,188.0,DWELLING,,,,,4.41,,,GREEN,LOW,False,,False,,JRN_NDLS_AGC_01_20260902_190156,0.2313,0.0,0.4541,0.4541,1.0,NONE,NONE,,50.4,451.2,08:18:00,30.0,BASELINE_HISTORICAL_CALIBRATION,109.0,19.0
OBS_000018,08:18:30,510.0,12050,ROUTE_NDLS_AGC_01,SYNTHETIC_SIMULATOR,OK,28.5889,77.2534,7.0,0.0,0.0,0.0,0.0,0.0,130.0,,0.0,SEC_NZM_FDB,NZM,NZM,FDB,21.0,188.0,DWELLING,,,,,4.91,,,GREEN,LOW,False,,False,,JRN_NDLS_AGC_01_20260902_190156,0.2313,0.0,0.4541,0.4541,1.0,NONE,NONE,,50.4,451.2,08:18:30,30.0,BASELINE_HISTORICAL_CALIBRATION,108.5,18.5
OBS_000019,08:19:00,540.0,12050,ROUTE_NDLS_AGC_01,SYNTHETIC_SIMULATOR,OK,28.5889,77.2534,7.0,0.0,0.0,0.0,0.0,0.0,130.0,,0.0,SEC_NZM_FDB,NZM,NZM,FDB,21.0,188.0,DWELLING,,,,,5.41,,,GREEN,LOW,False,,False,,JRN_NDLS_AGC_01_20260902_190156,0.2313,0.0,0.4541,0.4541,1.0,NONE,NONE,,50.4,451.2,08:19:00,30.0,BASELINE_HISTORICAL_CALIBRATION,108.0,18.0
OBS_000020,08:19:30,570.0,12050,ROUTE_NDLS_AGC_01,SYNTHETIC_SIMULATOR,OK,28.5889,77.2534,7.0,0.0,0.0,0.0,0.0,0.0,130.0,,0.0,SEC_NZM_FDB,NZM,NZM,FDB,21.0,188.0,DWELLING,,,,,5.91,,,GREEN,LOW,False,,False,,JRN_NDLS_AGC_01_20260902_190156,0.2313,0.0,0.4541,0.4541,1.0,NONE,NONE,,50.4,451.2,08:19:30,30.0,BASELINE_HISTORICAL_CALIBRATION,107.5,17.5
OBS_000021,08:20:00,600.0,12050,ROUTE_NDLS_AGC_01,SYNTHETIC_SIMULATOR,OK,28.5889,77.2534,7.675,54.0,15.0,71.25,0.5,187.5,130.0,,571.48,SEC_NZM_FDB,NZM,NZM,FDB,20.325,187.325,ACCELERATING,DEPARTED,,08:20:00,2,6.41,,,GREEN,LOW,False,,False,EVT_AGC_001,JRN_NDLS_AGC_01_20260902_190156,0.2313,0.0,0.4541,0.4541,1.0,NONE,NONE,,22.6,208.1,08:20:00,30.0,BASELINE_HISTORICAL_CALIBRATION,107.0,17.0
OBS_000022,08:20:30,630.0,12050,ROUTE_NDLS_AGC_01,SYNTHETIC_SIMULATOR,OK,28.576096,77.257981,8.494,71.25,19.79,71.25,0.5,326.4,130.0,,562.22,SEC_NZM_FDB,,NZM,FDB,19.506,186.506,ACCELERATING,,,,,6.56,,,GREEN,LOW,False,,False,EVT_AGC_001,JRN_NDLS_AGC_01_20260902_190156,0.2313,0.0,0.4541,0.4541,1.0,NONE,NONE,,16.4,157.1,08:20:30,30.0,BASELINE_HISTORICAL_CALIBRATION,106.5,16.5
OBS_000023,08:21:00,660.0,12050,ROUTE_NDLS_AGC_01,SYNTHETIC_SIMULATOR,OK,28.571007,77.259802,9.088,71.25,19.79,71.25,0.0,326.4,130.0,,550.78,SEC_NZM_FDB,,NZM,FDB,18.913,185.912,CRUISING,,,,,6.64,,,GREEN,LOW,False,,False,EVT_AGC_001,JRN_NDLS_AGC_01_20260902_190156,0.2313,0.0,0.4541,0.4541,1.0,NONE,NONE,,15.9,156.6,08:21:00,30.0,BASELINE_HISTORICAL_CALIBRATION,106.0,16.0
OBS_000024,08:21:30,690.0,12050,ROUTE_NDLS_AGC_01,SYNTHETIC_SIMULATOR,OK,28.565918,77.261623,9.681,71.25,19.79,71.25,0.0,326.4,130.0,,542.33,SEC_NZM_FDB,,NZM,FDB,18.319,185.319,CRUISING,,,,,6.84,,,GREEN,LOW,False,,False,EVT_AGC_001,JRN_NDLS_AGC_01_20260902_190156,0.2313,0.0,0.4541,0.4541,1.0,NONE,NONE,,15.4,156.1,08:21:30,30.0,BASELINE_HISTORICAL_CALIBRATION,105.5,15.5
OBS_000025,08:22:00,720.0,12050,ROUTE_NDLS_AGC_01,SYNTHETIC_SIMULATOR,OK,28.560829,77.263443,10.275,71.25,19.79,71.25,0.0,326.4,130.0,,533.75,SEC_NZM_FDB,,NZM,FDB,17.725,184.725,CRUISING,,,,,7.04,,,GREEN,LOW,False,,False,EVT_AGC_001,JRN_NDLS_AGC_01_20260902_190156,0.2313,0.0,0.4541,0.4541,1.0,NONE,NONE,,14.9,155.6,08:22:00,30.0,BASELINE_HISTORICAL_CALIBRATION,105.0,15.0
OBS_000026,08:22:30,750.0,12050,ROUTE_NDLS_AGC_01,SYNTHETIC_SIMULATOR,OK,28.555739,77.265264,10.869,71.25,19.79,71.25,0.0,326.4,130.0,,525.03,SEC_NZM_FDB,,NZM,FDB,17.131,184.131,CRUISING,,,,,7.23,,,GREEN,LOW,False,,False,EVT_AGC_001,JRN_NDLS_AGC_01_20260902_190156,0.2313,0.0,0.4541,0.4541,1.0,NONE,NONE,,14.4,155.1,08:22:30,30.0,BASELINE_HISTORICAL_CALIBRATION,104.5,14.5
OBS_000027,08:23:00,780.0,12050,ROUTE_NDLS_AGC_01,SYNTHETIC_SIMULATOR,OK,28.55065,77.267085,11.463,71.25,19.79,71.25,0.0,326.4,130.0,,516.16,SEC_NZM_FDB,,NZM,FDB,16.538,183.537,CRUISING,,,,,7.43,,,GREEN,LOW,False,,False,EVT_AGC_001,JRN_NDLS_AGC_01_20260902_190156,0.2313,0.0,0.4541,0.4541,1.0,NONE,NONE,,13.9,154.6,08:23:00,30.0,BASELINE_HISTORICAL_CALIBRATION,104.0,14.0
OBS_000028,08:23:30,810.0,12050,ROUTE_NDLS_AGC_01,SYNTHETIC_SIMULATOR,OK,28.545561,77.268906,12.056,71.25,19.79,71.25,0.0,326.4,130.0,,507.14,SEC_NZM_FDB,,NZM,FDB,15.944,182.944,CRUISING,,,,,7.62,,,GREEN,LOW,False,,False,EVT_AGC_001,JRN_NDLS_AGC_01_20260902_190156,0.2313,0.0,0.4541,0.4541,1.0,NONE,NONE,,13.4,154.1,08:23:30,30.0,BASELINE_HISTORICAL_CALIBRATION,103.5,13.5
OBS_000029,08:24:00,840.0,12050,ROUTE_NDLS_AGC_01,SYNTHETIC_SIMULATOR,OK,28.540471,77.270727,12.65,71.25,19.79,71.25,0.0,326.4,130.0,,497.95,SEC_NZM_FDB,,NZM,FDB,15.35,182.35,CRUISING,,,,,7.82,,,GREEN,LOW,False,,False,EVT_AGC_001,JRN_NDLS_AGC_01_20260902_190156,0.2313,0.0,0.4541,0.4541,1.0,NONE,NONE,,12.9,153.6,08:24:00,30.0,BASELINE_HISTORICAL_CALIBRATION,103.0,13.0
OBS_000030,08:24:30,870.0,12050,ROUTE_NDLS_AGC_01,SYNTHETIC_SIMULATOR,OK,28.535382,77.272548,13.244,71.25,19.79,71.25,0.0,326.4,130.0,,488.59,SEC_NZM_FDB,,NZM,FDB,14.756,181.756,CRUISING,,,,,8.01,,,GREEN,LOW,False,,False,EVT_AGC_001,JRN_NDLS_AGC_01_20260902_190156,0.2313,0.0,0.4541,0.4541,1.0,NONE,NONE,,12.4,153.1,08:24:30,30.0,BASELINE_HISTORICAL_CALIBRATION,102.5,12.5
OBS_000031,08:25:00,900.0,12050,ROUTE_NDLS_AGC_01,SYNTHETIC_SIMULATOR,OK,28.530293,77.274368,13.838,71.25,19.79,71.25,0.0,326.4,130.0,,479.05,SEC_NZM_FDB,,NZM,FDB,14.162,181.162,CRUISING,,,,,8.21,,,GREEN,LOW,False,,False,EVT_AGC_001,JRN_NDLS_AGC_01_20260902_190156,0.2313,0.0,0.4541,0.4541,1.0,NONE,NONE,,11.9,152.6,08:25:00,30.0,BASELINE_HISTORICAL_CALIBRATION,102.0,12.0
OBS_000032,08:25:30,930.0,12050,ROUTE_NDLS_AGC_01,SYNTHETIC_SIMULATOR,OK,28.525204,77.276189,14.431,71.25,19.79,71.25,0.0,326.4,130.0,,469.31,SEC_NZM_FDB,,NZM,FDB,13.569,180.569,CRUISING,,,,,8.4,,,GREEN,LOW,False,,False,EVT_AGC_001,JRN_NDLS_AGC_01_20260902_190156,0.2313,0.0,0.4541,0.4541,1.0,NONE,NONE,,11.4,152.1,08:25:30,30.0,BASELINE_HISTORICAL_CALIBRATION,101.5,11.5
OBS_000033,08:26:00,960.0,12050,ROUTE_NDLS_AGC_01,SYNTHETIC_SIMULATOR,OK,28.520114,77.27801,15.025,71.25,19.79,71.25,0.0,326.4,130.0,,459.37,SEC_NZM_FDB,,NZM,FDB,12.975,179.975,CRUISING,,,,,8.6,,,GREEN,LOW,False,,False,EVT_AGC_001,JRN_NDLS_AGC_01_20260902_190156,0.2313,0.0,0.4541,0.4541,1.0,NONE,NONE,,10.9,151.6,08:26:00,30.0,BASELINE_HISTORICAL_CALIBRATION,101.0,11.0
OBS_000034,08:26:30,990.0,12050,ROUTE_NDLS_AGC_01,SYNTHETIC_SIMULATOR,OK,28.515025,77.279831,15.619,71.25,19.79,71.25,0.0,326.4,130.0,,449.21,SEC_NZM_FDB,,NZM,FDB,12.381,179.381,CRUISING,,,,,8.79,,,GREEN,LOW,False,,False,EVT_AGC_001,JRN_NDLS_AGC_01_20260902_190156,0.2313,0.0,0.4541,0.4541,1.0,NONE,NONE,,10.4,151.1,08:26:30,30.0,BASELINE_HISTORICAL_CALIBRATION,100.5,10.5
OBS_000035,08:27:00,1020.0,12050,ROUTE_NDLS_AGC_01,SYNTHETIC_SIMULATOR,OK,28.509936,77.281652,16.212,71.25,19.79,71.25,0.0,326.4,130.0,,438.81,SEC_NZM_FDB,,NZM,FDB,11.788,178.787,CRUISING,,,,,8.99,,,GREEN,LOW,False,,False,EVT_AGC_001,JRN_NDLS_AGC_01_20260902_190156,0.2313,0.0,0.4541,0.4541,1.0,NONE,NONE,,9.9,150.6,08:27:00,30.0,BASELINE_HISTORICAL_CALIBRATION,100.0,10.0
OBS_000036,08:27:30,1050.0,12050,ROUTE_NDLS_AGC_01,SYNTHETIC_SIMULATOR,OK,28.504846,77.283473,16.806,71.25,19.79,71.25,0.0,326.4,130.0,,428.16,SEC_NZM_FDB,,NZM,FDB,11.194,178.194,CRUISING,,,,,9.19,,,GREEN,LOW,False,,False,EVT_AGC_001,JRN_NDLS_AGC_01_20260902_190156,0.2313,0.0,0.4541,0.4541,1.0,NONE,NONE,,9.4,150.1,08:27:30,30.0,BASELINE_HISTORICAL_CALIBRATION,99.5,9.5
OBS_000037,08:28:00,1080.0,12050,ROUTE_NDLS_AGC_01,SYNTHETIC_SIMULATOR,OK,28.499757,77.285293,17.4,71.25,19.79,71.25,0.0,326.4,130.0,,417.24,SEC_NZM_FDB,,NZM,FDB,10.6,177.6,CRUISING,,,,,9.38,,,GREEN,LOW,False,,False,EVT_AGC_001,JRN_NDLS_AGC_01_20260902_190156,0.2313,0.0,0.4541,0.4541,1.0,NONE,NONE,,8.9,149.6,08:28:00,30.0,BASELINE_HISTORICAL_CALIBRATION,99.0,9.0
OBS_000038,08:28:30,1110.0,12050,ROUTE_NDLS_AGC_01,SYNTHETIC_SIMULATOR,OK,28.494668,77.287114,17.994,71.25,19.79,71.25,0.0,326.4,130.0,,406.02,SEC_NZM_FDB,,NZM,FDB,10.006,177.006,CRUISING,,,,,9.58,,,GREEN,LOW,False,,False,EVT_AGC_001,JRN_NDLS_AGC_01_20260902_190156,0.2313,0.0,0.4541,0.4541,1.0,NONE,NONE,,8.4,149.1,08:28:30,30.0,BASELINE_HISTORICAL_CALIBRATION,98.5,8.5
OBS_000039,08:29:00,1140.0,12050,ROUTE_NDLS_AGC_01,SYNTHETIC_SIMULATOR,OK,28.489579,77.288935,18.587,71.25,19.79,71.25,0.0,326.4,130.0,,394.48,SEC_NZM_FDB,,NZM,FDB,9.413,176.412,CRUISING,,,,,9.77,,,GREEN,LOW,False,,False,EVT_AGC_001,JRN_NDLS_AGC_01_20260902_190156,0.2313,0.0,0.4541,0.4541,1.0,NONE,NONE,,7.9,148.6,08:29:00,30.0,BASELINE_HISTORICAL_CALIBRATION,98.0,8.0
OBS_000040,08:29:30,1170.0,12050,ROUTE_NDLS_AGC_01,SYNTHETIC_SIMULATOR,OK,28.484489,77.290756,19.181,71.25,19.79,71.25,0.0,326.4,130.0,,382.6,SEC_NZM_FDB,,NZM,FDB,8.819,175.819,CRUISING,,,,,9.97,,,GREEN,LOW,False,,False,EVT_AGC_001,JRN_NDLS_AGC_01_20260902_190156,0.2313,0.0,0.4541,0.4541,1.0,NONE,NONE,,7.4,148.1,08:29:30,30.0,BASELINE_HISTORICAL_CALIBRATION,97.5,7.5
OBS_000041,08:30:00,1200.0,12050,ROUTE_NDLS_AGC_01,SYNTHETIC_SIMULATOR,OK,28.4794,77.292577,19.775,71.25,19.79,71.25,0.0,326.4,130.0,,370.34,SEC_NZM_FDB,,NZM,FDB,8.225,175.225,CRUISING,,,,,10.16,,,GREEN,LOW,False,,False,EVT_AGC_001,JRN_NDLS_AGC_01_20260902_190156,0.2313,0.0,0.4541,0.4541,1.0,NONE,NONE,,6.9,147.6,08:30:00,30.0,BASELINE_HISTORICAL_CALIBRATION,97.0,7.0
OBS_000042,08:30:30,1230.0,12050,ROUTE_NDLS_AGC_01,SYNTHETIC_SIMULATOR,OK,28.474311,77.294398,20.369,71.25,19.79,71.25,0.0,326.4,130.0,,357.65,SEC_NZM_FDB,,NZM,FDB,7.631,174.631,CRUISING,,,,,10.36,,,GREEN,LOW,False,,False,EVT_AGC_001,JRN_NDLS_AGC_01_20260902_190156,0.2313,0.0,0.4541,0.4541,1.0,NONE,NONE,,6.4,147.1,08:30:30,30.0,BASELINE_HISTORICAL_CALIBRATION,96.5,6.5
OBS_000043,08:31:00,1260.0,12050,ROUTE_NDLS_AGC_01,SYNTHETIC_SIMULATOR,OK,28.469221,77.296218,20.962,71.25,19.79,71.25,0.0,326.4,130.0,,344.5,SEC_NZM_FDB,,NZM,FDB,7.038,174.037,CRUISING,,,,,10.55,,,GREEN,LOW,False,,False,EVT_AGC_001,JRN_NDLS_AGC_01_20260902_190156,0.2313,0.0,0.4541,0.4541,1.0,NONE,NONE,,5.9,146.6,08:31:00,30.0,BASELINE_HISTORICAL_CALIBRATION,96.0,6.0
OBS_000044,08:31:30,1290.0,12050,ROUTE_NDLS_AGC_01,SYNTHETIC_SIMULATOR,OK,28.464132,77.298039,21.556,71.25,19.79,71.25,0.0,326.4,130.0,,330.83,SEC_NZM_FDB,,NZM,FDB,6.444,173.444,CRUISING,,,,,10.75,,,GREEN,LOW,False,,False,EVT_AGC_001,JRN_NDLS_AGC_01_20260902_190156,0.2313,0.0,0.4541,0.4541,1.0,NONE,NONE,,5.4,146.1,08:31:30,30.0,BASELINE_HISTORICAL_CALIBRATION,95.5,5.5
OBS_000045,08:32:00,1320.0,12050,ROUTE_NDLS_AGC_01,SYNTHETIC_SIMULATOR,OK,28.459043,77.29986,22.15,71.25,19.79,71.25,0.0,326.4,130.0,,316.56,SEC_NZM_FDB,,NZM,FDB,5.85,172.85,CRUISING,,,,,10.95,,,GREEN,LOW,False,,False,EVT_AGC_001,JRN_NDLS_AGC_01_20260902_190156,0.2313,0.0,0.4541,0.4541,1.0,NONE,NONE,,4.9,145.6,08:32:00,30.0,BASELINE_HISTORICAL_CALIBRATION,95.0,5.0
OBS_000046,08:32:30,1350.0,12050,ROUTE_NDLS_AGC_01,SYNTHETIC_SIMULATOR,OK,28.453954,77.301681,22.744,71.25,19.79,71.25,0.0,326.4,130.0,,301.63,SEC_NZM_FDB,,NZM,FDB,5.256,172.256,CRUISING,,,,,11.14,,,GREEN,LOW,False,,False,EVT_AGC_001,JRN_NDLS_AGC_01_20260902_190156,0.2313,0.0,0.4541,0.4541,1.0,NONE,NONE,,4.4,145.1,08:32:30,30.0,BASELINE_HISTORICAL_CALIBRATION,94.5,4.5
OBS_000047,08:33:00,1380.0,12050,ROUTE_NDLS_AGC_01,SYNTHETIC_SIMULATOR,OK,28.448864,77.303502,23.337,71.25,19.79,71.25,0.0,326.4,130.0,,285.91,SEC_NZM_FDB,,NZM,FDB,4.663,171.662,CRUISING,,,,,11.34,,,GREEN,LOW,False,,False,EVT_AGC_001,JRN_NDLS_AGC_01_20260902_190156,0.2313,0.0,0.4541,0.4541,1.0,NONE,NONE,,3.9,144.6,08:33:00,30.0,BASELINE_HISTORICAL_CALIBRATION,94.0,4.0
OBS_000048,08:33:30,1410.0,12050,ROUTE_NDLS_AGC_01,SYNTHETIC_SIMULATOR,OK,28.443775,77.305323,23.931,71.25,19.79,71.25,0.0,326.4,130.0,,269.28,SEC_NZM_FDB,,NZM,FDB,4.069,171.069,CRUISING,,,,,11.53,,,GREEN,LOW,False,,False,EVT_AGC_001,JRN_NDLS_AGC_01_20260902_190156,0.2313,0.0,0.4541,0.4541,1.0,NONE,NONE,,3.4,144.1,08:33:30,30.0,BASELINE_HISTORICAL_CALIBRATION,93.5,3.5
OBS_000049,08:34:00,1440.0,12050,ROUTE_NDLS_AGC_01,SYNTHETIC_SIMULATOR,OK,28.438686,77.307143,24.525,71.25,19.79,71.25,0.0,326.4,130.0,,251.55,SEC_NZM_FDB,,NZM,FDB,3.475,170.475,CRUISING,,,,,11.73,,,GREEN,LOW,False,,False,EVT_AGC_001,JRN_NDLS_AGC_01_20260902_190156,0.2313,0.0,0.4541,0.4541,1.0,NONE,NONE,,2.9,143.6,08:34:00,30.0,BASELINE_HISTORICAL_CALIBRATION,93.0,3.0
OBS_000050,08:34:30,1470.0,12050,ROUTE_NDLS_AGC_01,SYNTHETIC_SIMULATOR,OK,28.433596,77.308964,25.119,71.25,19.79,71.25,0.0,326.4,130.0,,232.47,SEC_NZM_FDB,,NZM,FDB,2.881,169.881,CRUISING,,,,,11.92,,,GREEN,LOW,False,,False,EVT_AGC_001,JRN_NDLS_AGC_01_20260902_190156,0.2313,0.0,0.4541,0.4541,1.0,NONE,NONE,,2.4,143.1,08:34:30,30.0,BASELINE_HISTORICAL_CALIBRATION,92.5,2.5
OBS_000051,08:35:00,1500.0,12050,ROUTE_NDLS_AGC_01,SYNTHETIC_SIMULATOR,OK,28.428507,77.310785,25.712,71.25,19.79,71.25,0.0,326.4,130.0,,211.68,SEC_NZM_FDB,,NZM,FDB,2.288,169.287,CRUISING,,,,,12.12,,,GREEN,LOW,False,,False,EVT_AGC_001,JRN_NDLS_AGC_01_20260902_190156,0.2313,0.0,0.4541,0.4541,1.0,NONE,NONE,,1.9,142.6,08:35:00,30.0,BASELINE_HISTORICAL_CALIBRATION,92.0,2.0
OBS_000052,08:35:30,1530.0,12050,ROUTE_NDLS_AGC_01,SYNTHETIC_SIMULATOR,OK,28.423418,77.312606,26.306,71.25,19.79,71.25,0.0,326.4,130.0,,188.61,SEC_NZM_FDB,,NZM,FDB,1.694,168.694,CRUISING,,,,,12.31,,,GREEN,LOW,False,,False,EVT_AGC_001,JRN_NDLS_AGC_01_20260902_190156,0.2313,0.0,0.4541,0.4541,1.0,NONE,NONE,,1.4,142.1,08:35:30,30.0,BASELINE_HISTORICAL_CALIBRATION,91.5,1.5
OBS_000053,08:36:00,1560.0,12050,ROUTE_NDLS_AGC_01,SYNTHETIC_SIMULATOR,OK,28.418329,77.314427,26.9,71.25,19.79,71.25,0.0,326.4,130.0,,162.3,SEC_NZM_FDB,,NZM,FDB,1.1,168.1,CRUISING,,,,,12.51,,,GREEN,LOW,False,,False,EVT_AGC_001,JRN_NDLS_AGC_01_20260902_190156,0.2313,0.0,0.4541,0.4541,1.0,NONE,NONE,,0.9,141.6,08:36:00,30.0,BASELINE_HISTORICAL_CALIBRATION,91.0,1.0
OBS_000054,08:36:30,1590.0,12050,ROUTE_NDLS_AGC_01,SYNTHETIC_SIMULATOR,OK,28.413239,77.316248,27.494,71.25,19.79,71.25,0.0,326.4,130.0,,130.79,SEC_NZM_FDB,,NZM,FDB,0.506,167.506,CRUISING,,,,,12.71,,,GREEN,LOW,False,,False,EVT_AGC_001,JRN_NDLS_AGC_01_20260902_190156,0.2313,0.0,0.4541,0.4541,1.0,NONE,NONE,,0.4,141.1,08:36:30,30.0,BASELINE_HISTORICAL_CALIBRATION,90.5,0.5
OBS_000055,08:37:00,1620.0,12050,ROUTE_NDLS_AGC_01,SYNTHETIC_SIMULATOR,OK,28.4089,77.3178,28.0,0.0,0.0,71.25,0.0,0.0,130.0,,88.73,SEC_NZM_FDB,FDB,FDB,PWL,32.0,167.0,DWELLING,ARRIVED,08:37:00,,,12.9,,,GREEN,LOW,False,,False,EVT_AGC_001,JRN_NDLS_AGC_01_20260902_190156,0.2313,0.0,0.4541,0.4541,1.0,NONE,NONE,,76.8,400.8,08:37:00,30.0,BASELINE_HISTORICAL_CALIBRATION,90.0,16.5
OBS_000056,08:37:30,1650.0,12050,ROUTE_NDLS_AGC_01,SYNTHETIC_SIMULATOR,OK,28.4089,77.3178,28.0,0.0,0.0,0.0,0.0,0.0,130.0,,0.0,SEC_FDB_PWL,FDB,FDB,PWL,32.0,167.0,DWELLING,,,,,13.14,,,GREEN,LOW,False,,False,,JRN_NDLS_AGC_01_20260902_190156,0.2313,0.0,0.4541,0.4541,1.0,NONE,NONE,,76.8,400.8,08:37:30,30.0,BASELINE_HISTORICAL_CALIBRATION,89.5,16.0
OBS_000057,08:38:00,1680.0,12050,ROUTE_NDLS_AGC_01,SYNTHETIC_SIMULATOR,OK,28.4089,77.3178,28.675,54.0,15.0,123.5,0.5,187.5,130.0,,705.45,SEC_FDB_PWL,FDB,FDB,PWL,31.325,166.325,ACCELERATING,DEPARTED,,08:38:00,1,13.64,,,GREEN,LOW,False,,False,,JRN_NDLS_AGC_01_20260902_190156,0.2313,0.0,0.4541,0.4541,1.0,NONE,NONE,,34.8,184.8,08:38:00,30.0,BASELINE_HISTORICAL_CALIBRATION,89.0,15.5
OBS_000058,08:38:30,1710.0,12050,ROUTE_NDLS_AGC_01,SYNTHETIC_SIMULATOR,OK,28.394039,77.318261,29.8,108.0,30.0,123.5,0.5,750.0,130.0,,697.97,SEC_FDB_PWL,,FDB,PWL,30.2,165.2,ACCELERATING,,,,,13.79,,,GREEN,LOW,False,,False,,JRN_NDLS_AGC_01_20260902_190156,0.2313,0.0,0.4541,0.4541,1.0,NONE,NONE,,16.8,91.8,08:38:30,30.0,BASELINE_HISTORICAL_CALIBRATION,88.5,15.0
OBS_000059,08:39:00,1740.0,12050,ROUTE_NDLS_AGC_01,SYNTHETIC_SIMULATOR,OK,28.383684,77.318583,31.054,123.5,34.31,123.5,0.5,980.7,130.0,,685.33,SEC_FDB_PWL,,FDB,PWL,28.946,163.946,ACCELERATING,,,,,13.72,,,GREEN,LOW,False,,False,,JRN_NDLS_AGC_01_20260902_190156,0.2313,0.0,0.4541,0.4541,1.0,NONE,NONE,,14.1,79.6,08:39:00,30.0,BASELINE_HISTORICAL_CALIBRATION,88.0,14.5
OBS_000060,08:39:30,1770.0,12050,ROUTE_NDLS_AGC_01,SYNTHETIC_SIMULATOR,OK,28.375187,77.318846,32.083,123.5,34.31,123.5,0.0,980.7,130.0,,670.94,SEC_FDB_PWL,,FDB,PWL,27.917,162.917,CRUISING,,,,,13.57,,,GREEN,LOW,False,,False,,JRN_NDLS_AGC_01_20260902_190156,0.2313,0.0,0.4541,0.4541,1.0,NONE,NONE,,13.6,79.1,08:39:30,30.0,BASELINE_HISTORICAL_CALIBRATION,87.5,14.0
OBS_000061,08:40:00,1800.0,12050,ROUTE_NDLS_AGC_01,SYNTHETIC_SIMULATOR,OK,28.36669,77.31911,33.112,123.5,34.31,123.5,0.0,980.7,130.0,,658.91,SEC_FDB_PWL,,FDB,PWL,26.888,161.887,CRUISING,,,,,13.55,,,GREEN,LOW,False,,False,,JRN_NDLS_AGC_01_20260902_190156,0.2313,0.0,0.4541,0.4541,1.0,NONE,NONE,,13.1,78.6,08:40:00,30.0,BASELINE_HISTORICAL_CALIBRATION,87.0,13.5
OBS_000062,08:40:30,1830.0,12050,ROUTE_NDLS_AGC_01,SYNTHETIC_SIMULATOR,OK,28.358193,77.319374,34.142,123.5,34.31,123.5,0.0,980.7,130.0,,646.65,SEC_FDB_PWL,,FDB,PWL,25.858,160.858,CRUISING,,,,,13.52,,,GREEN,LOW,False,,False,,JRN_NDLS_AGC_01_20260902_190156,0.2313,0.0,0.4541,0.4541,1.0,NONE,NONE,,12.6,78.1,08:40:30,30.0,BASELINE_HISTORICAL_CALIBRATION,86.5,13.0
OBS_000063,08:41:00,1860.0,12050,ROUTE_NDLS_AGC_01,SYNTHETIC_SIMULATOR,OK,28.349696,77.319638,35.171,123.5,34.31,123.5,0.0,980.7,130.0,,634.15,SEC_FDB_PWL,,FDB,PWL,24.829,159.829,CRUISING,,,,,13.49,,,GREEN,LOW,False,,False,,JRN_NDLS_AGC_01_20260902_190156,0.2313,0.0,0.4541,0.4541,1.0,NONE,NONE,,12.1,77.6,08:41:00,30.0,BASELINE_HISTORICAL_CALIBRATION,86.0,12.5
OBS_000064,08:41:30,1890.0,12050,ROUTE_NDLS_AGC_01,SYNTHETIC_SIMULATOR,OK,28.341199,77.319901,36.2,123.5,34.31,123.5,0.0,980.7,130.0,,621.4,SEC_FDB_PWL,,FDB,PWL,23.8,158.8,CRUISING,,,,,13.46,,,GREEN,LOW,False,,False,,JRN_NDLS_AGC_01_20260902_190156,0.2313,0.0,0.4541,0.4541,1.0,NONE,NONE,,11.6,77.1,08:41:30,30.0,BASELINE_HISTORICAL_CALIBRATION,85.5,12.0
OBS_000065,08:42:00,1920.0,12050,ROUTE_NDLS_AGC_01,SYNTHETIC_SIMULATOR,OK,28.332702,77.320165,37.229,123.5,34.31,123.5,0.0,980.7,130.0,,608.39,SEC_FDB_PWL,,FDB,PWL,22.771,157.771,CRUISING,,,,,13.44,,,GREEN,LOW,False,,False,,JRN_NDLS_AGC_01_20260902_190156,0.2313,0.0,0.4541,0.4541,1.0,NONE,NONE,,11.1,76.6,08:42:00,30.0,BASELINE_HISTORICAL_CALIBRATION,85.0,11.5
OBS_000066,08:42:30,1950.0,12050,ROUTE_NDLS_AGC_01,SYNTHETIC_SIMULATOR,OK,28.324205,77.320429,38.258,123.5,34.31,123.5,0.0,980.7,130.0,,595.09,SEC_FDB_PWL,,FDB,PWL,21.742,156.742,CRUISING,,,,,13.41,,,GREEN,LOW,False,,False,,JRN_NDLS_AGC_01_20260902_190156,0.2313,0.0,0.4541,0.4541,1.0,NONE,NONE,,10.6,76.1,08:42:30,30.0,BASELINE_HISTORICAL_CALIBRATION,84.5,11.0
OBS_000067,08:43:00,1980.0,12050,ROUTE_NDLS_AGC_01,SYNTHETIC_SIMULATOR,OK,28.315708,77.320692,39.287,123.5,34.31,123.5,0.0,980.7,130.0,,581.49,SEC_FDB_PWL,,FDB,PWL,20.713,155.713,CRUISING,,,,,13.38,,,GREEN,LOW,False,,False,,JRN_NDLS_AGC_01_20260902_190156,0.2313,0.0,0.4541,0.4541,1.0,NONE,NONE,,10.1,75.6,08:43:00,30.0,BASELINE_HISTORICAL_CALIBRATION,84.0,10.5
OBS_000068,08:43:30,2010.0,12050,ROUTE_NDLS_AGC_01,SYNTHETIC_SIMULATOR,OK,28.307211,77.320956,40.317,123.5,34.31,123.5,0.0,980.7,130.0,,567.56,SEC_FDB_PWL,,FDB,PWL,19.683,154.683,CRUISING,,,,,13.35,,,GREEN,LOW,False,,False,,JRN_NDLS_AGC_01_20260902_190156,0.2313,0.0,0.4541,0.4541,1.0,NONE,NONE,,9.6,75.1,08:43:30,30.0,BASELINE_HISTORICAL_CALIBRATION,83.5,10.0
OBS_000069,08:44:00,2040.0,12050,ROUTE_NDLS_AGC_01,SYNTHETIC_SIMULATOR,OK,28.298713,77.32122,41.346,123.5,34.31,123.5,0.0,980.7,130.0,,553.28,SEC_FDB_PWL,,FDB,PWL,18.654,153.654,CRUISING,,,,,13.32,,,GREEN,LOW,False,,False,,JRN_NDLS_AGC_01_20260902_190156,0.2313,0.0,0.4541,0.4541,1.0,NONE,NONE,,9.1,74.6,08:44:00,30.0,BASELINE_HISTORICAL_CALIBRATION,83.0,9.5
OBS_000070,08:44:30,2070.0,12050,ROUTE_NDLS_AGC_01,SYNTHETIC_SIMULATOR,OK,28.290216,77.321484,42.375,123.5,34.31,123.5,0.0,980.7,130.0,,538.62,SEC_FDB_PWL,,FDB,PWL,17.625,152.625,CRUISING,,,,,13.3,,,GREEN,LOW,False,,False,,JRN_NDLS_AGC_01_20260902_190156,0.2313,0.0,0.4541,0.4541,1.0,NONE,NONE,,8.6,74.1,08:44:30,30.0,BASELINE_HISTORICAL_CALIBRATION,82.5,9.0
OBS_000071,08:45:00,2100.0,12050,ROUTE_NDLS_AGC_01,SYNTHETIC_SIMULATOR,OK,28.281719,77.321747,43.404,123.5,34.31,123.5,0.0,980.7,130.0,,523.55,SEC_FDB_PWL,,FDB,PWL,16.596,151.596,CRUISING,,,,,13.27,,,GREEN,LOW,False,,False,,JRN_NDLS_AGC_01_20260902_190156,0.2313,0.0,0.4541,0.4541,1.0,NONE,NONE,,8.1,73.6,08:45:00,30.0,BASELINE_HISTORICAL_CALIBRATION,82.0,8.5
OBS_000072,08:45:30,2130.0,12050,ROUTE_NDLS_AGC_01,SYNTHETIC_SIMULATOR,OK,28.273222,77.322011,44.433,123.5,34.31,123.5,0.0,980.7,130.0,,508.03,SEC_FDB_PWL,,FDB,PWL,15.567,150.567,CRUISING,,,,,13.24,,,GREEN,LOW,False,,False,,JRN_NDLS_AGC_01_20260902_190156,0.2313,0.0,0.4541,0.4541,1.0,NONE,NONE,,7.6,73.1,08:45:30,30.0,BASELINE_HISTORICAL_CALIBRATION,81.5,8.0
OBS_000073,08:46:00,2160.0,12050,ROUTE_NDLS_AGC_01,SYNTHETIC_SIMULATOR,OK,28.264725,77.322275,45.462,123.5,34.31,123.5,0.0,980.7,130.0,,492.03,SEC_FDB_PWL,,FDB,PWL,14.538,149.538,CRUISING,,,,,13.21,,,GREEN,LOW,False,,False,,JRN_NDLS_AGC_01_20260902_190156,0.2313,0.0,0.4541,0.4541,1.0,NONE,NONE,,7.1,72.6,08:46:00,30.0,BASELINE_HISTORICAL_CALIBRATION,81.0,7.5
OBS_000074,08:46:30,2190.0,12050,ROUTE_NDLS_AGC_01,SYNTHETIC_SIMULATOR,OK,28.256228,77.322538,46.492,123.5,34.31,123.5,0.0,980.7,130.0,,475.49,SEC_FDB_PWL,,FDB,PWL,13.508,148.508,CRUISING,,,,,13.19,,,GREEN,LOW,False,,False,,JRN_NDLS_AGC_01_20260902_190156,0.2313,0.0,0.4541,0.4541,1.0,NONE,NONE,,6.6,72.1,08:46:30,30.0,BASELINE_HISTORICAL_CALIBRATION,80.5,7.0
OBS_000075,08:47:00,2220.0,12050,ROUTE_NDLS_AGC_01,SYNTHETIC_SIMULATOR,OK,28.247731,77.322802,47.521,123.5,34.31,123.5,0.0,980.7,130.0,,458.35,SEC_FDB_PWL,,FDB,PWL,12.479,147.479,CRUISING,,,,,13.16,,,GREEN,LOW,False,,False,,JRN_NDLS_AGC_01_20260902_190156,0.2313,0.0,0.4541,0.4541,1.0,NONE,NONE,,6.1,71.6,08:47:00,30.0,BASELINE_HISTORICAL_CALIBRATION,80.0,6.5
OBS_000076,08:47:30,2250.0,12050,ROUTE_NDLS_AGC_01,SYNTHETIC_SIMULATOR,OK,28.239234,77.323066,48.55,123.5,34.31,123.5,0.0,980.7,130.0,,440.54,SEC_FDB_PWL,,FDB,PWL,11.45,146.45,CRUISING,,,,,13.13,,,GREEN,LOW,False,,False,,JRN_NDLS_AGC_01_20260902_190156,0.2313,0.0,0.4541,0.4541,1.0,NONE,NONE,,5.6,71.1,08:47:30,30.0,BASELINE_HISTORICAL_CALIBRATION,79.5,6.0
OBS_000077,08:48:00,2280.0,12050,ROUTE_NDLS_AGC_01,SYNTHETIC_SIMULATOR,OK,28.230737,77.32333,49.579,123.5,34.31,123.5,0.0,980.7,130.0,,421.98,SEC_FDB_PWL,,FDB,PWL,10.421,145.421,CRUISING,,,,,13.1,,,GREEN,LOW,False,,False,,JRN_NDLS_AGC_01_20260902_190156,0.2313,0.0,0.4541,0.4541,1.0,NONE,NONE,,5.1,70.6,08:48:00,30.0,BASELINE_HISTORICAL_CALIBRATION,79.0,5.5
OBS_000078,08:48:30,2310.0,12050,ROUTE_NDLS_AGC_01,SYNTHETIC_SIMULATOR,OK,28.22224,77.323593,50.608,123.5,34.31,123.5,0.0,980.7,130.0,,402.57,SEC_FDB_PWL,,FDB,PWL,9.392,144.392,CRUISING,,,,,13.07,,,GREEN,LOW,False,,False,,JRN_NDLS_AGC_01_20260902_190156,0.2313,0.0,0.4541,0.4541,1.0,NONE,NONE,,4.6,70.1,08:48:30,30.0,BASELINE_HISTORICAL_CALIBRATION,78.5,5.0
OBS_000079,08:49:00,2340.0,12050,ROUTE_NDLS_AGC_01,SYNTHETIC_SIMULATOR,OK,28.213743,77.323857,51.637,123.5,34.31,123.5,0.0,980.7,130.0,,382.18,SEC_FDB_PWL,,FDB,PWL,8.363,143.363,CRUISING,,,,,13.05,,,GREEN,LOW,False,,False,,JRN_NDLS_AGC_01_20260902_190156,0.2313,0.0,0.4541,0.4541,1.0,NONE,NONE,,4.1,69.6,08:49:00,30.0,BASELINE_HISTORICAL_CALIBRATION,78.0,4.5
OBS_000080,08:49:30,2370.0,12050,ROUTE_NDLS_AGC_01,SYNTHETIC_SIMULATOR,OK,28.205246,77.324121,52.667,123.5,34.31,123.5,0.0,980.7,130.0,,360.63,SEC_FDB_PWL,,FDB,PWL,7.333,142.333,CRUISING,,,,,13.02,,,GREEN,LOW,False,,False,,JRN_NDLS_AGC_01_20260902_190156,0.2313,0.0,0.4541,0.4541,1.0,NONE,NONE,,3.6,69.1,08:49:30,30.0,BASELINE_HISTORICAL_CALIBRATION,77.5,4.0
OBS_000081,08:50:00,2400.0,12050,ROUTE_NDLS_AGC_01,SYNTHETIC_SIMULATOR,OK,28.196749,77.324385,53.696,123.5,34.31,123.5,0.0,980.7,130.0,,337.71,SEC_FDB_PWL,,FDB,PWL,6.304,141.304,CRUISING,,,,,12.99,,,GREEN,LOW,False,,False,,JRN_NDLS_AGC_01_20260902_190156,0.2313,0.0,0.4541,0.4541,1.0,NONE,NONE,,3.1,68.6,08:50:00,30.0,BASELINE_HISTORICAL_CALIBRATION,77.0,3.5
OBS_000082,08:50:30,2430.0,12050,ROUTE_NDLS_AGC_01,SYNTHETIC_SIMULATOR,OK,28.188252,77.324648,54.725,123.5,34.31,123.5,0.0,980.7,130.0,,313.12,SEC_FDB_PWL,,FDB,PWL,5.275,140.275,CRUISING,,,,,12.96,,,GREEN,LOW,False,,False,,JRN_NDLS_AGC_01_20260902_190156,0.2313,0.0,0.4541,0.4541,1.0,NONE,NONE,,2.6,68.1,08:50:30,30.0,BASELINE_HISTORICAL_CALIBRATION,76.5,3.0
OBS_000083,08:51:00,2460.0,12050,ROUTE_NDLS_AGC_01,SYNTHETIC_SIMULATOR,OK,28.179755,77.324912,55.754,123.5,34.31,123.5,0.0,980.7,130.0,,286.42,SEC_FDB_PWL,,FDB,PWL,4.246,139.246,CRUISING,,,,,12.94,,,GREEN,LOW,False,,False,,JRN_NDLS_AGC_01_20260902_190156,0.2313,0.0,0.4541,0.4541,1.0,NONE,NONE,,2.1,67.6,08:51:00,30.0,BASELINE_HISTORICAL_CALIBRATION,76.0,2.5
OBS_000084,08:51:30,2490.0,12050,ROUTE_NDLS_AGC_01,SYNTHETIC_SIMULATOR,OK,28.171258,77.325176,56.783,123.5,34.31,123.5,0.0,980.7,130.0,,256.97,SEC_FDB_PWL,,FDB,PWL,3.217,138.217,CRUISING,,,,,12.91,,,GREEN,LOW,False,,False,,JRN_NDLS_AGC_01_20260902_190156,0.2313,0.0,0.4541,0.4541,1.0,NONE,NONE,,1.6,67.1,08:51:30,30.0,BASELINE_HISTORICAL_CALIBRATION,75.5,2.0
OBS_000085,08:52:00,2520.0,12050,ROUTE_NDLS_AGC_01,SYNTHETIC_SIMULATOR,OK,28.162761,77.325439,57.812,123.5,34.31,123.5,0.0,980.7,130.0,,223.66,SEC_FDB_PWL,,FDB,PWL,2.188,137.188,CRUISING,,,,,12.88,,,GREEN,LOW,False,,False,,JRN_NDLS_AGC_01_20260902_190156,0.2313,0.0,0.4541,0.4541,1.0,NONE,NONE,,1.1,66.6,08:52:00,30.0,BASELINE_HISTORICAL_CALIBRATION,75.0,1.5
OBS_000086,08:52:30,2550.0,12050,ROUTE_NDLS_AGC_01,SYNTHETIC_SIMULATOR,OK,28.154263,77.325703,58.842,123.5,34.31,123.5,0.0,980.7,130.0,,184.45,SEC_FDB_PWL,,FDB,PWL,1.158,136.158,CRUISING,,,,,12.85,,,GREEN,LOW,False,,False,,JRN_NDLS_AGC_01_20260902_190156,0.2313,0.0,0.4541,0.4541,1.0,NONE,NONE,,0.6,66.1,08:52:30,30.0,BASELINE_HISTORICAL_CALIBRATION,74.5,1.0
OBS_000087,08:53:00,2580.0,12050,ROUTE_NDLS_AGC_01,SYNTHETIC_SIMULATOR,OK,28.145766,77.325967,59.871,123.5,34.31,123.5,0.0,980.7,130.0,,134.22,SEC_FDB_PWL,,FDB,PWL,0.129,135.129,CRUISING,,,,,12.82,,,GREEN,LOW,False,,False,,JRN_NDLS_AGC_01_20260902_190156,0.2313,0.0,0.4541,0.4541,1.0,NONE,NONE,,0.1,65.6,08:53:00,30.0,BASELINE_HISTORICAL_CALIBRATION,74.0,0.5
OBS_000088,08:53:30,2610.0,12050,ROUTE_NDLS_AGC_01,SYNTHETIC_SIMULATOR,OK,28.1447,77.326,60.0,0.0,0.0,44.82,0.0,0.0,130.0,,44.82,SEC_FDB_PWL,PWL,PWL,MTJ,81.0,135.0,DWELLING,ARRIVED,08:53:30,,,12.8,,,GREEN,LOW,False,,False,,JRN_NDLS_AGC_01_20260902_190156,0.2313,0.0,0.4541,0.4541,1.0,NONE,NONE,,194.4,324.0,08:53:30,30.0,BASELINE_HISTORICAL_CALIBRATION,73.5,43.0
OBS_000089,08:54:00,2640.0,12050,ROUTE_NDLS_AGC_01,SYNTHETIC_SIMULATOR,OK,28.1447,77.326,60.0,0.0,0.0,0.0,0.0,0.0,160.0,,0.0,SEC_PWL_MTJ,PWL,PWL,MTJ,81.0,135.0,DWELLING,,,,,13.23,,,GREEN,LOW,False,,False,,JRN_NDLS_AGC_01_20260902_190156,0.2313,0.0,0.4541,0.4541,1.0,NONE,NONE,,194.4,324.0,08:54:00,30.0,BASELINE_HISTORICAL_CALIBRATION,73.0,42.5
OBS_000090,08:54:30,2670.0,12050,ROUTE_NDLS_AGC_01,SYNTHETIC_SIMULATOR,OK,28.1447,77.326,60.675,54.0,15.0,152.0,0.5,187.5,160.0,,1122.37,SEC_PWL_MTJ,PWL,PWL,MTJ,80.325,134.325,ACCELERATING,DEPARTED,,08:54:30,1,13.73,,,GREEN,LOW,False,,False,,JRN_NDLS_AGC_01_20260902_190156,0.2313,0.0,0.4541,0.4541,1.0,NONE,NONE,,89.2,149.2,08:54:30,30.0,BASELINE_HISTORICAL_CALIBRATION,72.5,42.0
OBS_000091,08:55:00,2700.0,12050,ROUTE_NDLS_AGC_01,SYNTHETIC_SIMULATOR,OK,28.130204,77.333727,61.8,108.0,30.0,152.0,0.5,750.0,160.0,,1117.68,SEC_PWL_MTJ,,PWL,MTJ,79.2,133.2,ACCELERATING,,,,,13.88,,,GREEN,LOW,False,,False,,JRN_NDLS_AGC_01_20260902_190156,0.2313,0.0,0.4541,0.4541,1.0,NONE,NONE,,44.0,74.0,08:55:00,30.0,BASELINE_HISTORICAL_CALIBRATION,72.0,41.5
OBS_000092,08:55:30,2730.0,12050,ROUTE_NDLS_AGC_01,SYNTHETIC_SIMULATOR,OK,28.118192,77.34013,63.292,152.0,42.22,152.0,0.5,1485.6,160.0,,1109.83,SEC_PWL_MTJ,,PWL,MTJ,77.708,131.708,ACCELERATING,,,,,13.81,,,GREEN,LOW,False,,False,,JRN_NDLS_AGC_01_20260902_190156,0.2313,0.0,0.4541,0.4541,1.0,NONE,NONE,,30.7,52.0,08:55:30,30.0,BASELINE_HISTORICAL_CALIBRATION,71.5,41.0
OBS_000093,08:56:00,2760.0,12050,ROUTE_NDLS_AGC_01,SYNTHETIC_SIMULATOR,OK,28.107991,77.345567,64.558,152.0,42.22,152.0,0.0,1485.6,160.0,,1099.33,SEC_PWL_MTJ,,PWL,MTJ,76.442,130.442,CRUISING,,,,,13.54,,,GREEN,LOW,False,,False,,JRN_NDLS_AGC_01_20260902_190156,0.2313,0.0,0.4541,0.4541,1.0,NONE,NONE,,30.2,51.5,08:56:00,30.0,BASELINE_HISTORICAL_CALIBRATION,71.0,40.5
OBS_000094,08:56:30,2790.0,12050,ROUTE_NDLS_AGC_01,SYNTHETIC_SIMULATOR,OK,28.097791,77.351004,65.825,152.0,42.22,152.0,0.0,1485.6,160.0,,1090.33,SEC_PWL_MTJ,,PWL,MTJ,75.175,129.175,CRUISING,,,,,13.39,,,GREEN,LOW,False,,False,,JRN_NDLS_AGC_01_20260902_190156,0.2313,0.0,0.4541,0.4541,1.0,NONE,NONE,,29.7,51.0,08:56:30,30.0,BASELINE_HISTORICAL_CALIBRATION,70.5,40.0
OBS_000095,08:57:00,2820.0,12050,ROUTE_NDLS_AGC_01,SYNTHETIC_SIMULATOR,OK,28.08759,77.356442,67.092,152.0,42.22,152.0,0.0,1485.6,160.0,,1081.26,SEC_PWL_MTJ,,PWL,MTJ,73.908,127.908,CRUISING,,,,,13.24,,,GREEN,LOW,False,,False,,JRN_NDLS_AGC_01_20260902_190156,0.2313,0.0,0.4541,0.4541,1.0,NONE,NONE,,29.2,50.5,08:57:00,30.0,BASELINE_HISTORICAL_CALIBRATION,70.0,39.5
OBS_000096,08:57:30,2850.0,12050,ROUTE_NDLS_AGC_01,SYNTHETIC_SIMULATOR,OK,28.07739,77.361879,68.358,152.0,42.22,152.0,0.0,1485.6,160.0,,1072.11,SEC_PWL_MTJ,,PWL,MTJ,72.642,126.642,CRUISING,,,,,13.09,,,GREEN,LOW,False,,False,,JRN_NDLS_AGC_01_20260902_190156,0.2313,0.0,0.4541,0.4541,1.0,NONE,NONE,,28.7,50.0,08:57:30,30.0,BASELINE_HISTORICAL_CALIBRATION,69.5,39.0
OBS_000097,08:58:00,2880.0,12050,ROUTE_NDLS_AGC_01,SYNTHETIC_SIMULATOR,OK,28.067189,77.367316,69.625,152.0,42.22,152.0,0.0,1485.6,160.0,,1062.88,SEC_PWL_MTJ,,PWL,MTJ,71.375,125.375,CRUISING,,,,,12.94,,,GREEN,LOW,False,,False,,JRN_NDLS_AGC_01_20260902_190156,0.2313,0.0,0.4541,0.4541,1.0,NONE,NONE,,28.2,49.5,08:58:00,30.0,BASELINE_HISTORICAL_CALIBRATION,69.0,38.5
OBS_000098,08:58:30,2910.0,12050,ROUTE_NDLS_AGC_01,SYNTHETIC_SIMULATOR,OK,28.056988,77.372753,70.892,152.0,42.22,152.0,0.0,1485.6,160.0,,1053.58,SEC_PWL_MTJ,,PWL,MTJ,70.108,124.108,CRUISING,,,,,12.79,,,GREEN,LOW,False,,False,,JRN_NDLS_AGC_01_20260902_190156,0.2313,0.0,0.4541,0.4541,1.0,NONE,NONE,,27.7,49.0,08:58:30,30.0,BASELINE_HISTORICAL_CALIBRATION,68.5,38.0
OBS_000099,08:59:00,2940.0,12050,ROUTE_NDLS_AGC_01,SYNTHETIC_SIMULATOR,OK,28.046788,77.378191,72.158,152.0,42.22,152.0,0.0,1485.6,160.0,,1044.19,SEC_PWL_MTJ,,PWL,MTJ,68.842,122.842,CRUISING,,,,,12.65,,,GREEN,LOW,False,,False,,JRN_NDLS_AGC_01_20260902_190156,0.2313,0.0,0.4541,0.4541,1.0,NONE,NONE,,27.2,48.5,08:59:00,30.0,BASELINE_HISTORICAL_CALIBRATION,68.0,37.5
OBS_000100,08:59:30,2970.0,12050,ROUTE_NDLS_AGC_01,SYNTHETIC_SIMULATOR,OK,28.036587,77.383628,73.425,152.0,42.22,152.0,0.0,1485.6,160.0,,1034.71,SEC_PWL_MTJ,,PWL,MTJ,67.575,121.575,CRUISING,,,,,12.5,,,GREEN,LOW,False,,False,,JRN_NDLS_AGC_01_20260902_190156,0.2313,0.0,0.4541,0.4541,1.0,NONE,NONE,,26.7,48.0,08:59:30,30.0,BASELINE_HISTORICAL_CALIBRATION,67.5,37.0
OBS_000101,09:00:00,3000.0,12050,ROUTE_NDLS_AGC_01,SYNTHETIC_SIMULATOR,OK,28.026387,77.389065,74.692,152.0,42.22,152.0,0.0,1485.6,160.0,,1025.15,SEC_PWL_MTJ,,PWL,MTJ,66.308,120.308,CRUISING,,,,,12.35,,,GREEN,LOW,False,,False,,JRN_NDLS_AGC_01_20260902_190156,0.2257,0.0,0.4541,0.4541,0.92,NONE,NONE,,26.2,47.5,09:00:00,30.0,BASELINE_HISTORICAL_CALIBRATION,67.0,36.5
OBS_000102,09:00:30,3030.0,12050,ROUTE_NDLS_AGC_01,SYNTHETIC_SIMULATOR,OK,28.016186,77.394503,75.958,152.0,42.22,152.0,0.0,1485.6,160.0,,1015.49,SEC_PWL_MTJ,,PWL,MTJ,65.042,119.042,CRUISING,,,,,12.2,,,GREEN,LOW,False,,False,,JRN_NDLS_AGC_01_20260902_190156,0.2257,0.0,0.4541,0.4541,0.92,NONE,NONE,,25.7,47.0,09:00:30,30.0,BASELINE_HISTORICAL_CALIBRATION,66.5,36.0
OBS_000103,09:01:00,3060.0,12050,ROUTE_NDLS_AGC_01,SYNTHETIC_SIMULATOR,OK,28.005986,77.39994,77.225,152.0,42.22,152.0,0.0,1485.6,160.0,,1005.75,SEC_PWL_MTJ,,PWL,MTJ,63.775,117.775,CRUISING,,,,,12.05,,,GREEN,LOW,False,,False,,JRN_NDLS_AGC_01_20260902_190156,0.2257,0.0,0.4541,0.4541,0.92,NONE,NONE,,25.2,46.5,09:01:00,30.0,BASELINE_HISTORICAL_CALIBRATION,66.0,35.5
OBS_000104,09:01:30,3090.0,12050,ROUTE_NDLS_AGC_01,SYNTHETIC_SIMULATOR,OK,27.995785,77.405377,78.492,152.0,42.22,152.0,0.0,1485.6,160.0,,995.91,SEC_PWL_MTJ,,PWL,MTJ,62.508,116.508,CRUISING,,,,,11.9,,,GREEN,LOW,False,,False,,JRN_NDLS_AGC_01_20260902_190156,0.2257,0.0,0.4541,0.4541,0.92,NONE,NONE,,24.7,46.0,09:01:30,30.0,BASELINE_HISTORICAL_CALIBRATION,65.5,35.0
OBS_000105,09:02:00,3120.0,12050,ROUTE_NDLS_AGC_01,SYNTHETIC_SIMULATOR,OK,27.985584,77.410814,79.758,152.0,42.22,152.0,0.0,1485.6,160.0,,985.97,SEC_PWL_MTJ,,PWL,MTJ,61.242,115.242,CRUISING,,,,,11.75,,,GREEN,LOW,False,,False,,JRN_NDLS_AGC_01_20260902_190156,0.2257,0.0,0.4541,0.4541,0.92,NONE,NONE,,24.2,45.5,09:02:00,30.0,BASELINE_HISTORICAL_CALIBRATION,65.0,34.5
OBS_000106,09:02:30,3150.0,12050,ROUTE_NDLS_AGC_01,SYNTHETIC_SIMULATOR,OK,27.975384,77.416252,81.025,152.0,42.22,152.0,0.0,1485.6,160.0,,975.93,SEC_PWL_MTJ,,PWL,MTJ,59.975,113.975,CRUISING,,,,,11.6,,,GREEN,LOW,False,,False,,JRN_NDLS_AGC_01_20260902_190156,0.2257,0.0,0.4541,0.4541,0.92,NONE,NONE,,23.7,45.0,09:02:30,30.0,BASELINE_HISTORICAL_CALIBRATION,64.5,34.0
OBS_000107,09:03:00,3180.0,12050,ROUTE_NDLS_AGC_01,SYNTHETIC_SIMULATOR,OK,27.965183,77.421689,82.292,152.0,42.22,152.0,0.0,1485.6,160.0,,965.78,SEC_PWL_MTJ,,PWL,MTJ,58.708,112.708,CRUISING,,,,,11.45,,,GREEN,LOW,False,,False,,JRN_NDLS_AGC_01_20260902_190156,0.2257,0.0,0.4541,0.4541,0.92,NONE,NONE,,23.2,44.5,09:03:00,30.0,BASELINE_HISTORICAL_CALIBRATION,64.0,33.5
OBS_000108,09:03:30,3210.0,12050,ROUTE_NDLS_AGC_01,SYNTHETIC_SIMULATOR,OK,27.954983,77.427126,83.558,152.0,42.22,152.0,0.0,1485.6,160.0,,955.53,SEC_PWL_MTJ,,PWL,MTJ,57.442,111.442,CRUISING,,,,,11.3,,,GREEN,LOW,False,,False,,JRN_NDLS_AGC_01_20260902_190156,0.2257,0.0,0.4541,0.4541,0.92,NONE,NONE,,22.7,44.0,09:03:30,30.0,BASELINE_HISTORICAL_CALIBRATION,63.5,33.0
OBS_000109,09:04:00,3240.0,12050,ROUTE_NDLS_AGC_01,SYNTHETIC_SIMULATOR,OK,27.944782,77.432564,84.825,152.0,42.22,152.0,0.0,1485.6,160.0,,945.16,SEC_PWL_MTJ,,PWL,MTJ,56.175,110.175,CRUISING,,,,,11.15,,,GREEN,LOW,False,,False,,JRN_NDLS_AGC_01_20260902_190156,0.2257,0.0,0.4541,0.4541,0.92,NONE,NONE,,22.2,43.5,09:04:00,30.0,BASELINE_HISTORICAL_CALIBRATION,63.0,32.5
OBS_000110,09:04:30,3270.0,12050,ROUTE_NDLS_AGC_01,SYNTHETIC_SIMULATOR,OK,27.934582,77.438001,86.092,152.0,42.22,152.0,0.0,1485.6,160.0,,934.68,SEC_PWL_MTJ,,PWL,MTJ,54.908,108.908,CRUISING,,,,,11.0,,,GREEN,LOW,False,,False,,JRN_NDLS_AGC_01_20260902_190156,0.2257,0.0,0.4541,0.4541,0.92,NONE,NONE,,21.7,43.0,09:04:30,30.0,BASELINE_HISTORICAL_CALIBRATION,62.5,32.0
OBS_000111,09:05:00,3300.0,12050,ROUTE_NDLS_AGC_01,SYNTHETIC_SIMULATOR,OK,27.924381,77.443438,87.358,152.0,42.22,152.0,0.0,1485.6,160.0,,924.09,SEC_PWL_MTJ,,PWL,MTJ,53.642,107.642,CRUISING,,,,,10.85,,,GREEN,LOW,False,,False,,JRN_NDLS_AGC_01_20260902_190156,0.2257,0.0,0.4541,0.4541,0.92,NONE,NONE,,21.2,42.5,09:05:00,30.0,BASELINE_HISTORICAL_CALIBRATION,62.0,31.5
OBS_000112,09:05:30,3330.0,12050,ROUTE_NDLS_AGC_01,SYNTHETIC_SIMULATOR,OK,27.91418,77.448875,88.625,152.0,42.22,152.0,0.0,1485.6,160.0,,913.36,SEC_PWL_MTJ,,PWL,MTJ,52.375,106.375,CRUISING,,,,,10.7,,,GREEN,LOW,False,,False,,JRN_NDLS_AGC_01_20260902_190156,0.2257,0.0,0.4541,0.4541,0.92,NONE,NONE,,20.7,42.0,09:05:30,30.0,BASELINE_HISTORICAL_CALIBRATION,61.5,31.0
OBS_000113,09:06:00,3360.0,12050,ROUTE_NDLS_AGC_01,SYNTHETIC_SIMULATOR,OK,27.90398,77.454313,89.892,152.0,42.22,152.0,0.0,1485.6,160.0,,902.52,SEC_PWL_MTJ,,PWL,MTJ,51.108,105.108,CRUISING,,,,,10.55,,,GREEN,LOW,False,,False,,JRN_NDLS_AGC_01_20260902_190156,0.2257,0.0,0.4541,0.4541,0.92,NONE,NONE,,20.2,41.5,09:06:00,30.0,BASELINE_HISTORICAL_CALIBRATION,61.0,30.5
OBS_000114,09:06:30,3390.0,12050,ROUTE_NDLS_AGC_01,SYNTHETIC_SIMULATOR,OK,27.893779,77.45975,91.158,152.0,42.22,152.0,0.0,1485.6,160.0,,891.54,SEC_PWL_MTJ,,PWL,MTJ,49.842,103.842,CRUISING,,,,,10.4,,,GREEN,LOW,False,,False,,JRN_NDLS_AGC_01_20260902_190156,0.2257,0.0,0.4541,0.4541,0.92,NONE,NONE,,19.7,41.0,09:06:30,30.0,BASELINE_HISTORICAL_CALIBRATION,60.5,30.0
OBS_000115,09:07:00,3420.0,12050,ROUTE_NDLS_AGC_01,SYNTHETIC_SIMULATOR,OK,27.883579,77.465187,92.425,152.0,42.22,152.0,0.0,1485.6,160.0,,880.42,SEC_PWL_MTJ,,PWL,MTJ,48.575,102.575,CRUISING,,,,,10.25,,,GREEN,LOW,False,,False,,JRN_NDLS_AGC_01_20260902_190156,0.2257,0.0,0.4541,0.4541,0.92,NONE,NONE,,19.2,40.5,09:07:00,30.0,BASELINE_HISTORICAL_CALIBRATION,60.0,29.5
OBS_000116,09:07:30,3450.0,12050,ROUTE_NDLS_AGC_01,SYNTHETIC_SIMULATOR,OK,27.873378,77.470625,93.692,152.0,42.22,152.0,0.0,1485.6,160.0,,869.16,SEC_PWL_MTJ,,PWL,MTJ,47.308,101.308,CRUISING,,,,,10.1,,,GREEN,LOW,False,,False,,JRN_NDLS_AGC_01_20260902_190156,0.2257,0.0,0.4541,0.4541,0.92,NONE,NONE,,18.7,40.0,09:07:30,30.0,BASELINE_HISTORICAL_CALIBRATION,59.5,29.0
OBS_000117,09:08:00,3480.0,12050,ROUTE_NDLS_AGC_01,SYNTHETIC_SIMULATOR,OK,27.863178,77.476062,94.958,152.0,42.22,152.0,0.0,1485.6,160.0,,857.75,SEC_PWL_MTJ,,PWL,MTJ,46.042,100.042,CRUISING,,,,,9.95,,,GREEN,LOW,False,,False,,JRN_NDLS_AGC_01_20260902_190156,0.2257,0.0,0.4541,0.4541,0.92,NONE,NONE,,18.2,39.5,09:08:00,30.0,BASELINE_HISTORICAL_CALIBRATION,59.0,28.5
OBS_000118,09:08:30,3510.0,12050,ROUTE_NDLS_AGC_01,SYNTHETIC_SIMULATOR,OK,27.852977,77.481499,96.225,152.0,42.22,152.0,0.0,1485.6,160.0,,846.19,SEC_PWL_MTJ,,PWL,MTJ,44.775,98.775,CRUISING,,,,,9.8,,,GREEN,LOW,False,,False,,JRN_NDLS_AGC_01_20260902_190156,0.2257,0.0,0.4541,0.4541,0.92,NONE,NONE,,17.7,39.0,09:08:30,30.0,BASELINE_HISTORICAL_CALIBRATION,58.5,28.0
OBS_000119,09:09:00,3540.0,12050,ROUTE_NDLS_AGC_01,SYNTHETIC_SIMULATOR,OK,27.842776,77.486936,97.492,152.0,42.22,152.0,0.0,1485.6,160.0,,834.47,SEC_PWL_MTJ,,PWL,MTJ,43.508,97.508,CRUISING,,,,,9.65,,,GREEN,LOW,False,,False,,JRN_NDLS_AGC_01_20260902_190156,0.2257,0.0,0.4541,0.4541,0.92,NONE,NONE,,17.2,38.5,09:09:00,30.0,BASELINE_HISTORICAL_CALIBRATION,58.0,27.5
OBS_000120,09:09:30,3570.0,12050,ROUTE_NDLS_AGC_01,SYNTHETIC_SIMULATOR,OK,27.832576,77.492374,98.758,152.0,42.22,152.0,0.0,1485.6,160.0,,822.58,SEC_PWL_MTJ,,PWL,MTJ,42.242,96.242,CRUISING,,,,,9.5,,,GREEN,LOW,False,,False,,JRN_NDLS_AGC_01_20260902_190156,0.2257,0.0,0.4541,0.4541,0.92,NONE,NONE,,16.7,38.0,09:09:30,30.0,BASELINE_HISTORICAL_CALIBRATION,57.5,27.0
OBS_000121,09:10:00,3600.0,12050,ROUTE_NDLS_AGC_01,SYNTHETIC_SIMULATOR,OK,27.822375,77.497811,100.025,152.0,42.22,152.0,0.0,1485.6,160.0,,810.52,SEC_PWL_MTJ,,PWL,MTJ,40.975,94.975,CRUISING,,,,,9.35,,,GREEN,LOW,False,,False,,JRN_NDLS_AGC_01_20260902_190156,0.2257,0.0,0.4541,0.4541,0.92,NONE,NONE,,16.2,37.5,09:10:00,30.0,BASELINE_HISTORICAL_CALIBRATION,57.0,26.5
OBS_000122,09:10:30,3630.0,12050,ROUTE_NDLS_AGC_01,SYNTHETIC_SIMULATOR,OK,27.812175,77.503248,101.292,152.0,42.22,152.0,0.0,1485.6,160.0,,798.28,SEC_PWL_MTJ,,PWL,MTJ,39.708,93.708,CRUISING,,,,,9.21,,,GREEN,LOW,False,,False,,JRN_NDLS_AGC_01_20260902_190156,0.2257,0.0,0.4541,0.4541,0.92,NONE,NONE,,15.7,37.0,09:10:30,30.0,BASELINE_HISTORICAL_CALIBRATION,56.5,26.0
OBS_000123,09:11:00,3660.0,12050,ROUTE_NDLS_AGC_01,SYNTHETIC_SIMULATOR,OK,27.801974,77.508686,102.558,152.0,42.22,152.0,0.0,1485.6,160.0,,785.84,SEC_PWL_MTJ,,PWL,MTJ,38.442,92.442,CRUISING,,,,,9.06,,,GREEN,LOW,False,,False,,JRN_NDLS_AGC_01_20260902_190156,0.2257,0.0,0.4541,0.4541,0.92,NONE,NONE,,15.2,36.5,09:11:00,30.0,BASELINE_HISTORICAL_CALIBRATION,56.0,25.5
OBS_000124,09:11:30,3690.0,12050,ROUTE_NDLS_AGC_01,SYNTHETIC_SIMULATOR,OK,27.791773,77.514123,103.825,152.0,42.22,152.0,0.0,1485.6,160.0,,773.2,SEC_PWL_MTJ,,PWL,MTJ,37.175,91.175,CRUISING,,,,,8.91,,,GREEN,LOW,False,,False,,JRN_NDLS_AGC_01_20260902_190156,0.2257,0.0,0.4541,0.4541,0.92,NONE,NONE,,14.7,36.0,09:11:30,30.0,BASELINE_HISTORICAL_CALIBRATION,55.5,25.0
OBS_000125,09:12:00,3720.0,12050,ROUTE_NDLS_AGC_01,SYNTHETIC_SIMULATOR,OK,27.781573,77.51956,105.092,152.0,42.22,152.0,0.0,1485.6,160.0,,760.36,SEC_PWL_MTJ,,PWL,MTJ,35.908,89.908,CRUISING,,,,,8.76,,,GREEN,LOW,False,,False,,JRN_NDLS_AGC_01_20260902_190156,0.2257,0.0,0.4541,0.4541,0.92,NONE,NONE,,14.2,35.5,09:12:00,30.0,BASELINE_HISTORICAL_CALIBRATION,55.0,24.5
OBS_000126,09:12:30,3750.0,12050,ROUTE_NDLS_AGC_01,SYNTHETIC_SIMULATOR,OK,27.771372,77.524997,106.358,152.0,42.22,152.0,0.0,1485.6,160.0,,747.29,SEC_PWL_MTJ,,PWL,MTJ,34.642,88.642,CRUISING,,,,,8.61,,,GREEN,LOW,False,,False,,JRN_NDLS_AGC_01_20260902_190156,0.2257,0.0,0.4541,0.4541,0.92,NONE,NONE,,13.7,35.0,09:12:30,30.0,BASELINE_HISTORICAL_CALIBRATION,54.5,24.0
OBS_000127,09:13:00,3780.0,12050,ROUTE_NDLS_AGC_01,SYNTHETIC_SIMULATOR,OK,27.761172,77.530435,107.625,152.0,42.22,152.0,0.0,1485.6,160.0,,733.99,SEC_PWL_MTJ,,PWL,MTJ,33.375,87.375,CRUISING,,,,,8.46,,,GREEN,LOW,False,,False,,JRN_NDLS_AGC_01_20260902_190156,0.2257,0.0,0.4541,0.4541,0.92,NONE,NONE,,13.2,34.5,09:13:00,30.0,BASELINE_HISTORICAL_CALIBRATION,54.0,23.5
OBS_000128,09:13:30,3810.0,12050,ROUTE_NDLS_AGC_01,SYNTHETIC_SIMULATOR,OK,27.750971,77.535872,108.892,152.0,42.22,152.0,0.0,1485.6,160.0,,720.45,SEC_PWL_MTJ,,PWL,MTJ,32.108,86.108,CRUISING,,,,,8.31,,,GREEN,LOW,False,,False,,JRN_NDLS_AGC_01_20260902_190156,0.2257,0.0,0.4541,0.4541,0.92,NONE,NONE,,12.7,34.0,09:13:30,30.0,BASELINE_HISTORICAL_CALIBRATION,53.5,23.0
OBS_000129,09:14:00,3840.0,12050,ROUTE_NDLS_AGC_01,SYNTHETIC_SIMULATOR,OK,27.740771,77.541309,110.158,152.0,42.22,152.0,0.0,1485.6,160.0,,706.65,SEC_PWL_MTJ,,PWL,MTJ,30.842,84.842,CRUISING,,,,,8.16,,,GREEN,LOW,False,,False,,JRN_NDLS_AGC_01_20260902_190156,0.2257,0.0,0.4541,0.4541,0.92,NONE,NONE,,12.2,33.5,09:14:00,30.0,BASELINE_HISTORICAL_CALIBRATION,53.0,22.5
OBS_000130,09:14:30,3870.0,12050,ROUTE_NDLS_AGC_01,SYNTHETIC_SIMULATOR,OK,27.73057,77.546747,111.425,152.0,42.22,152.0,0.0,1485.6,160.0,,692.57,SEC_PWL_MTJ,,PWL,MTJ,29.575,83.575,CRUISING,,,,,8.01,,,GREEN,LOW,False,,False,,JRN_NDLS_AGC_01_20260902_190156,0.2257,0.0,0.4541,0.4541,0.92,NONE,NONE,,11.7,33.0,09:14:30,30.0,BASELINE_HISTORICAL_CALIBRATION,52.5,22.0
OBS_000131,09:15:00,3900.0,12050,ROUTE_NDLS_AGC_01,SYNTHETIC_SIMULATOR,OK,27.726892,77.548707,111.882,87.2,24.22,57.0,-0.6,488.9,160.0,,678.2,SEC_PWL_MTJ,,PWL,MTJ,29.118,83.118,DECELERATING,,,,,7.86,,,GREEN,LOW,False,,False,EVT_AGC_002,JRN_NDLS_AGC_01_20260902_190156,0.2257,0.0,0.4541,0.4541,0.92,NONE,NONE,,20.0,57.2,09:15:00,30.0,BASELINE_HISTORICAL_CALIBRATION,52.0,21.5
OBS_000132,09:15:30,3930.0,12050,ROUTE_NDLS_AGC_01,SYNTHETIC_SIMULATOR,OK,27.726892,77.548707,111.882,22.4,6.22,57.0,-0.6,32.3,160.0,,672.94,SEC_PWL_MTJ,,PWL,MTJ,29.118,83.118,DECELERATING,,,,,8.12,,,GREEN,LOW,False,,False,EVT_AGC_002,JRN_NDLS_AGC_01_20260902_190156,0.2257,0.0,0.4541,0.4541,0.92,NONE,NONE,,69.9,199.5,09:15:30,30.0,BASELINE_HISTORICAL_CALIBRATION,51.5,21.0
OBS_000133,09:16:00,3960.0,12050,ROUTE_NDLS_AGC_01,SYNTHETIC_SIMULATOR,OK,27.721255,77.551712,112.582,57.0,15.83,57.0,0.5,208.9,160.0,,672.94,SEC_PWL_MTJ,,PWL,MTJ,28.418,82.418,ACCELERATING,,,,,8.62,,,GREEN,LOW,False,,False,EVT_AGC_002,JRN_NDLS_AGC_01_20260902_190156,0.2257,0.0,0.4541,0.4541,0.92,NONE,NONE,,29.9,86.8,09:16:00,30.0,BASELINE_HISTORICAL_CALIBRATION,51.0,20.5
OBS_000134,09:16:30,3990.0,12050,ROUTE_NDLS_AGC_01,SYNTHETIC_SIMULATOR,OK,27.71743,77.553751,113.057,57.0,15.83,57.0,0.0,208.9,160.0,,664.8,SEC_PWL_MTJ,,PWL,MTJ,27.943,81.943,CRUISING,,,,,8.77,,,GREEN,LOW,False,,False,EVT_AGC_002,JRN_NDLS_AGC_01_20260902_190156,0.2257,0.0,0.4541,0.4541,0.92,NONE,NONE,,29.4,86.3,09:16:30,30.0,BASELINE_HISTORICAL_CALIBRATION,50.5,20.0
OBS_000135,09:17:00,4020.0,12050,ROUTE_NDLS_AGC_01,SYNTHETIC_SIMULATOR,OK,27.713605,77.55579,113.532,57.0,15.83,57.0,0.0,208.9,160.0,,659.22,SEC_PWL_MTJ,,PWL,MTJ,27.468,81.468,CRUISING,,,,,9.02,,,GREEN,LOW,False,,False,EVT_AGC_002,JRN_NDLS_AGC_01_20260902_190156,0.2257,0.0,0.4541,0.4541,0.92,NONE,NONE,,28.9,85.8,09:17:00,30.0,BASELINE_HISTORICAL_CALIBRATION,50.0,19.5
OBS_000136,09:17:30,4050.0,12050,ROUTE_NDLS_AGC_01,SYNTHETIC_SIMULATOR,OK,27.70978,77.557829,114.007,57.0,15.83,57.0,0.0,208.9,160.0,,653.6,SEC_PWL_MTJ,,PWL,MTJ,26.993,80.993,CRUISING,,,,,9.28,,,GREEN,LOW,False,,False,EVT_AGC_002,JRN_NDLS_AGC_01_20260902_190156,0.2257,0.0,0.4541,0.4541,0.92,NONE,NONE,,28.4,85.3,09:17:30,30.0,BASELINE_HISTORICAL_CALIBRATION,49.5,19.0
OBS_000137,09:18:00,4080.0,12050,ROUTE_NDLS_AGC_01,SYNTHETIC_SIMULATOR,OK,27.705954,77.559868,114.482,57.0,15.83,57.0,0.0,208.9,160.0,,647.92,SEC_PWL_MTJ,,PWL,MTJ,26.518,80.518,CRUISING,,,,,9.54,,,GREEN,LOW,False,,False,EVT_AGC_002,JRN_NDLS_AGC_01_20260902_190156,0.2257,0.0,0.4541,0.4541,0.92,NONE,NONE,,27.9,84.8,09:18:00,30.0,BASELINE_HISTORICAL_CALIBRATION,49.0,18.5
OBS_000138,09:18:30,4110.0,12050,ROUTE_NDLS_AGC_01,SYNTHETIC_SIMULATOR,OK,27.702129,77.561907,114.957,57.0,15.83,57.0,0.0,208.9,160.0,,642.19,SEC_PWL_MTJ,,PWL,MTJ,26.043,80.043,CRUISING,,,,,9.79,,,GREEN,LOW,False,,False,EVT_AGC_002,JRN_NDLS_AGC_01_20260902_190156,0.2257,0.0,0.4541,0.4541,0.92,NONE,NONE,,27.4,84.3,09:18:30,30.0,BASELINE_HISTORICAL_CALIBRATION,48.5,18.0
OBS_000139,09:19:00,4140.0,12050,ROUTE_NDLS_AGC_01,SYNTHETIC_SIMULATOR,OK,27.698304,77.563946,115.432,57.0,15.83,57.0,0.0,208.9,160.0,,636.42,SEC_PWL_MTJ,,PWL,MTJ,25.568,79.568,CRUISING,,,,,10.05,,,GREEN,LOW,False,,False,EVT_AGC_002,JRN_NDLS_AGC_01_20260902_190156,0.2257,0.0,0.4541,0.4541,0.92,NONE,NONE,,26.9,83.8,09:19:00,30.0,BASELINE_HISTORICAL_CALIBRATION,48.0,17.5
OBS_000140,09:19:30,4170.0,12050,ROUTE_NDLS_AGC_01,SYNTHETIC_SIMULATOR,OK,27.694479,77.565985,115.907,57.0,15.83,57.0,0.0,208.9,160.0,,630.59,SEC_PWL_MTJ,,PWL,MTJ,25.093,79.093,CRUISING,,,,,10.3,,,GREEN,LOW,False,,False,EVT_AGC_002,JRN_NDLS_AGC_01_20260902_190156,0.2257,0.0,0.4541,0.4541,0.92,NONE,NONE,,26.4,83.3,09:19:30,30.0,BASELINE_HISTORICAL_CALIBRATION,47.5,17.0
OBS_000141,09:20:00,4200.0,12050,ROUTE_NDLS_AGC_01,SYNTHETIC_SIMULATOR,OK,27.690654,77.568024,116.382,57.0,15.83,57.0,0.0,208.9,160.0,,624.7,SEC_PWL_MTJ,,PWL,MTJ,24.618,78.618,CRUISING,,,,,10.56,,,GREEN,LOW,False,,False,EVT_AGC_002,JRN_NDLS_AGC_01_20260902_190156,0.2257,0.0,0.4541,0.4541,0.92,NONE,NONE,,25.9,82.8,09:20:00,30.0,BASELINE_HISTORICAL_CALIBRATION,47.0,16.5
OBS_000142,09:20:30,4230.0,12050,ROUTE_NDLS_AGC_01,SYNTHETIC_SIMULATOR,OK,27.686828,77.570063,116.857,57.0,15.83,57.0,0.0,208.9,160.0,,618.76,SEC_PWL_MTJ,,PWL,MTJ,24.143,78.143,CRUISING,,,,,10.82,,,GREEN,LOW,False,,False,EVT_AGC_002,JRN_NDLS_AGC_01_20260902_190156,0.2257,0.0,0.4541,0.4541,0.92,NONE,NONE,,25.4,82.3,09:20:30,30.0,BASELINE_HISTORICAL_CALIBRATION,46.5,16.0
OBS_000143,09:21:00,4260.0,12050,ROUTE_NDLS_AGC_01,SYNTHETIC_SIMULATOR,OK,27.683003,77.572101,117.332,57.0,15.83,57.0,0.0,208.9,160.0,,612.76,SEC_PWL_MTJ,,PWL,MTJ,23.668,77.668,CRUISING,,,,,11.07,,,GREEN,LOW,False,,False,EVT_AGC_002,JRN_NDLS_AGC_01_20260902_190156,0.2257,0.0,0.4541,0.4541,0.92,NONE,NONE,,24.9,81.8,09:21:00,30.0,BASELINE_HISTORICAL_CALIBRATION,46.0,15.5
OBS_000144,09:21:30,4290.0,12050,ROUTE_NDLS_AGC_01,SYNTHETIC_SIMULATOR,OK,27.679178,77.57414,117.807,57.0,15.83,57.0,0.0,208.9,160.0,,606.7,SEC_PWL_MTJ,,PWL,MTJ,23.193,77.193,CRUISING,,,,,11.33,,,GREEN,LOW,False,,False,EVT_AGC_002,JRN_NDLS_AGC_01_20260902_190156,0.2257,0.0,0.4541,0.4541,0.92,NONE,NONE,,24.4,81.3,09:21:30,30.0,BASELINE_HISTORICAL_CALIBRATION,45.5,15.0
OBS_000145,09:22:00,4320.0,12050,ROUTE_NDLS_AGC_01,SYNTHETIC_SIMULATOR,OK,27.675353,77.576179,118.282,57.0,15.83,57.0,0.0,208.9,160.0,,600.59,SEC_PWL_MTJ,,PWL,MTJ,22.718,76.718,CRUISING,,,,,11.59,,,GREEN,LOW,False,,False,EVT_AGC_002,JRN_NDLS_AGC_01_20260902_190156,0.2257,0.0,0.4541,0.4541,0.92,NONE,NONE,,23.9,80.8,09:22:00,30.0,BASELINE_HISTORICAL_CALIBRATION,45.0,14.5
OBS_000146,09:22:30,4350.0,12050,ROUTE_NDLS_AGC_01,SYNTHETIC_SIMULATOR,OK,27.671527,77.578218,118.757,57.0,15.83,57.0,0.0,208.9,160.0,,594.4,SEC_PWL_MTJ,,PWL,MTJ,22.243,76.243,CRUISING,,,,,11.84,,,GREEN,LOW,False,,False,EVT_AGC_002,JRN_NDLS_AGC_01_20260902_190156,0.2257,0.0,0.4541,0.4541,0.92,NONE,NONE,,23.4,80.3,09:22:30,30.0,BASELINE_HISTORICAL_CALIBRATION,44.5,14.0
OBS_000147,09:23:00,4380.0,12050,ROUTE_NDLS_AGC_01,SYNTHETIC_SIMULATOR,OK,27.667702,77.580257,119.232,57.0,15.83,57.0,0.0,208.9,160.0,,588.16,SEC_PWL_MTJ,,PWL,MTJ,21.768,75.768,CRUISING,,,,,12.1,,,GREEN,LOW,False,,False,EVT_AGC_002,JRN_NDLS_AGC_01_20260902_190156,0.2257,0.0,0.4541,0.4541,0.92,NONE,NONE,,22.9,79.8,09:23:00,30.0,BASELINE_HISTORICAL_CALIBRATION,44.0,13.5
OBS_000148,09:23:30,4410.0,12050,ROUTE_NDLS_AGC_01,SYNTHETIC_SIMULATOR,OK,27.663877,77.582296,119.707,57.0,15.83,57.0,0.0,208.9,160.0,,581.84,SEC_PWL_MTJ,,PWL,MTJ,21.293,75.293,CRUISING,,,,,12.36,,,GREEN,LOW,False,,False,EVT_AGC_002,JRN_NDLS_AGC_01_20260902_190156,0.2257,0.0,0.4541,0.4541,0.92,NONE,NONE,,22.4,79.3,09:23:30,30.0,BASELINE_HISTORICAL_CALIBRATION,43.5,13.0
OBS_000149,09:24:00,4440.0,12050,ROUTE_NDLS_AGC_01,SYNTHETIC_SIMULATOR,OK,27.660052,77.584335,120.182,57.0,15.83,57.0,0.0,208.9,160.0,,575.46,SEC_PWL_MTJ,,PWL,MTJ,20.818,74.818,CRUISING,,,,,12.61,,,GREEN,LOW,False,,False,EVT_AGC_002,JRN_NDLS_AGC_01_20260902_190156,0.2257,0.0,0.4541,0.4541,0.92,NONE,NONE,,21.9,78.8,09:24:00,30.0,BASELINE_HISTORICAL_CALIBRATION,43.0,12.5
OBS_000150,09:24:30,4470.0,12050,ROUTE_NDLS_AGC_01,SYNTHETIC_SIMULATOR,OK,27.656227,77.586374,120.657,57.0,15.83,57.0,0.0,208.9,160.0,,569.01,SEC_PWL_MTJ,,PWL,MTJ,20.343,74.343,CRUISING,,,,,12.87,,,GREEN,LOW,False,,False,EVT_AGC_002,JRN_NDLS_AGC_01_20260902_190156,0.2257,0.0,0.4541,0.4541,0.92,NONE,NONE,,21.4,78.3,09:24:30,30.0,BASELINE_HISTORICAL_CALIBRATION,42.5,12.0
OBS_000151,09:25:00,4500.0,12050,ROUTE_NDLS_AGC_01,SYNTHETIC_SIMULATOR,OK,27.652401,77.588413,121.132,57.0,15.83,57.0,0.0,208.9,160.0,,562.48,SEC_PWL_MTJ,,PWL,MTJ,19.868,73.868,CRUISING,,,,,13.12,,,GREEN,LOW,False,,False,EVT_AGC_002,JRN_NDLS_AGC_01_20260902_190156,0.2257,0.0,0.4541,0.4541,0.92,NONE,NONE,,20.9,77.8,09:25:00,30.0,BASELINE_HISTORICAL_CALIBRATION,42.0,11.5
OBS_000152,09:25:30,4530.0,12050,ROUTE_NDLS_AGC_01,SYNTHETIC_SIMULATOR,OK,27.648576,77.590452,121.607,57.0,15.83,57.0,0.0,208.9,160.0,,555.87,SEC_PWL_MTJ,,PWL,MTJ,19.393,73.393,CRUISING,,,,,13.38,,,GREEN,LOW,False,,False,EVT_AGC_002,JRN_NDLS_AGC_01_20260902_190156,0.2257,0.0,0.4541,0.4541,0.92,NONE,NONE,,20.4,77.3,09:25:30,30.0,BASELINE_HISTORICAL_CALIBRATION,41.5,11.0
OBS_000153,09:26:00,4560.0,12050,ROUTE_NDLS_AGC_01,SYNTHETIC_SIMULATOR,OK,27.644751,77.592491,122.082,57.0,15.83,57.0,0.0,208.9,160.0,,549.19,SEC_PWL_MTJ,,PWL,MTJ,18.918,72.918,CRUISING,,,,,13.64,,,GREEN,LOW,False,,False,EVT_AGC_002,JRN_NDLS_AGC_01_20260902_190156,0.2257,0.0,0.4541,0.4541,0.92,NONE,NONE,,19.9,76.8,09:26:00,30.0,BASELINE_HISTORICAL_CALIBRATION,41.0,10.5
OBS_000154,09:26:30,4590.0,12050,ROUTE_NDLS_AGC_01,SYNTHETIC_SIMULATOR,OK,27.640926,77.59453,122.557,57.0,15.83,57.0,0.0,208.9,160.0,,542.42,SEC_PWL_MTJ,,PWL,MTJ,18.443,72.443,CRUISING,,,,,13.89,,,GREEN,LOW,False,,False,EVT_AGC_002,JRN_NDLS_AGC_01_20260902_190156,0.2257,0.0,0.4541,0.4541,0.92,NONE,NONE,,19.4,76.3,09:26:30,30.0,BASELINE_HISTORICAL_CALIBRATION,40.5,10.0
OBS_000155,09:27:00,4620.0,12050,ROUTE_NDLS_AGC_01,SYNTHETIC_SIMULATOR,OK,27.637101,77.596569,123.032,57.0,15.83,57.0,0.0,208.9,160.0,,535.57,SEC_PWL_MTJ,,PWL,MTJ,17.968,71.968,CRUISING,,,,,14.15,,,GREEN,LOW,False,,False,EVT_AGC_002,JRN_NDLS_AGC_01_20260902_190156,0.2257,0.0,0.4541,0.4541,0.92,NONE,NONE,,18.9,75.8,09:27:00,30.0,BASELINE_HISTORICAL_CALIBRATION,40.0,9.5
OBS_000156,09:27:30,4650.0,12050,ROUTE_NDLS_AGC_01,SYNTHETIC_SIMULATOR,OK,27.633275,77.598608,123.507,57.0,15.83,57.0,0.0,208.9,160.0,,528.62,SEC_PWL_MTJ,,PWL,MTJ,17.493,71.493,CRUISING,,,,,14.41,,,GREEN,LOW,False,,False,EVT_AGC_002,JRN_NDLS_AGC_01_20260902_190156,0.2257,0.0,0.4541,0.4541,0.92,NONE,NONE,,18.4,75.3,09:27:30,30.0,BASELINE_HISTORICAL_CALIBRATION,39.5,9.0
OBS_000157,09:28:00,4680.0,12050,ROUTE_NDLS_AGC_01,SYNTHETIC_SIMULATOR,OK,27.62945,77.600647,123.982,57.0,15.83,57.0,0.0,208.9,160.0,,521.59,SEC_PWL_MTJ,,PWL,MTJ,17.018,71.018,CRUISING,,,,,14.66,,,GREEN,LOW,False,,False,EVT_AGC_002,JRN_NDLS_AGC_01_20260902_190156,0.2257,0.0,0.4541,0.4541,0.92,NONE,NONE,,17.9,74.8,09:28:00,30.0,BASELINE_HISTORICAL_CALIBRATION,39.0,8.5
OBS_000158,09:28:30,4710.0,12050,ROUTE_NDLS_AGC_01,SYNTHETIC_SIMULATOR,OK,27.625625,77.602686,124.457,57.0,15.83,57.0,0.0,208.9,160.0,,514.46,SEC_PWL_MTJ,,PWL,MTJ,16.543,70.543,CRUISING,,,,,14.92,,,GREEN,LOW,False,,False,EVT_AGC_002,JRN_NDLS_AGC_01_20260902_190156,0.2257,0.0,0.4541,0.4541,0.92,NONE,NONE,,17.4,74.3,09:28:30,30.0,BASELINE_HISTORICAL_CALIBRATION,38.5,8.0
OBS_000159,09:29:00,4740.0,12050,ROUTE_NDLS_AGC_01,SYNTHETIC_SIMULATOR,OK,27.6218,77.604725,124.932,57.0,15.83,57.0,0.0,208.9,160.0,,507.23,SEC_PWL_MTJ,,PWL,MTJ,16.068,70.068,CRUISING,,,,,15.18,,,GREEN,LOW,False,,False,EVT_AGC_002,JRN_NDLS_AGC_01_20260902_190156,0.2257,0.0,0.95,0.4541,0.92,NONE,NONE,,16.9,73.8,09:29:00,30.0,BASELINE_HISTORICAL_CALIBRATION,38.0,7.5
OBS_000160,09:29:30,4770.0,12050,ROUTE_NDLS_AGC_01,SYNTHETIC_SIMULATOR,OK,27.617974,77.606764,125.407,57.0,15.83,57.0,0.0,208.9,160.0,,499.89,SEC_PWL_MTJ,,PWL,MTJ,15.593,69.593,CRUISING,,,,,15.43,,,GREEN,LOW,False,,False,EVT_AGC_002,JRN_NDLS_AGC_01_20260902_190156,0.2257,0.0,0.95,0.4541,0.92,NONE,NONE,,16.4,73.3,09:29:30,30.0,BASELINE_HISTORICAL_CALIBRATION,37.5,7.0
OBS_000161,09:30:00,4800.0,12050,ROUTE_NDLS_AGC_01,SYNTHETIC_SIMULATOR,OK,27.614149,77.608803,125.882,57.0,15.83,57.0,0.0,208.9,160.0,,492.45,SEC_PWL_MTJ,,PWL,MTJ,15.118,69.118,CRUISING,,,,,15.69,,,GREEN,LOW,False,,False,EVT_AGC_002,JRN_NDLS_AGC_01_20260902_190156,0.2257,0.0,0.95,0.4541,0.92,NONE,NONE,,15.9,72.8,09:30:00,30.0,BASELINE_HISTORICAL_CALIBRATION,37.0,6.5
OBS_000162,09:30:30,4830.0,12050,ROUTE_NDLS_AGC_01,SYNTHETIC_SIMULATOR,OK,27.604888,77.61374,127.032,111.0,30.83,152.0,0.5,792.2,160.0,,484.89,SEC_PWL_MTJ,,PWL,MTJ,13.968,67.968,ACCELERATING,,,,,15.95,,,GREEN,LOW,False,,False,,JRN_NDLS_AGC_01_20260902_190156,0.2257,0.0,0.95,0.4541,0.92,NONE,NONE,,7.6,36.7,09:30:30,30.0,BASELINE_HISTORICAL_CALIBRATION,36.5,6.0
OBS_000163,09:31:00,4860.0,12050,ROUTE_NDLS_AGC_01,SYNTHETIC_SIMULATOR,OK,27.592876,77.620143,128.523,152.0,42.22,152.0,0.5,1485.6,160.0,,466.09,SEC_PWL_MTJ,,PWL,MTJ,12.477,66.477,ACCELERATING,,,,,15.86,,,GREEN,LOW,False,,False,,JRN_NDLS_AGC_01_20260902_190156,0.2257,0.0,0.95,0.4541,0.92,NONE,NONE,,4.9,26.2,09:31:00,30.0,BASELINE_HISTORICAL_CALIBRATION,36.0,5.5
OBS_000164,09:31:30,4890.0,12050,ROUTE_NDLS_AGC_01,SYNTHETIC_SIMULATOR,OK,27.582675,77.62558,129.79,152.0,42.22,152.0,0.0,1485.6,160.0,,440.5,SEC_PWL_MTJ,,PWL,MTJ,11.21,65.21,CRUISING,,,,,15.59,,,GREEN,LOW,False,,False,,JRN_NDLS_AGC_01_20260902_190156,0.2257,0.0,0.95,0.4541,0.92,NONE,NONE,,4.4,25.7,09:31:30,30.0,BASELINE_HISTORICAL_CALIBRATION,35.5,5.0
OBS_000165,09:32:00,4920.0,12050,ROUTE_NDLS_AGC_01,SYNTHETIC_SIMULATOR,OK,27.572475,77.631017,131.057,152.0,42.22,152.0,0.0,1485.6,160.0,,417.54,SEC_PWL_MTJ,,PWL,MTJ,9.943,63.943,CRUISING,,,,,15.44,,,GREEN,LOW,False,,False,,JRN_NDLS_AGC_01_20260902_190156,0.2257,0.0,0.95,0.4541,0.92,NONE,NONE,,3.9,25.2,09:32:00,30.0,BASELINE_HISTORICAL_CALIBRATION,35.0,4.5
OBS_000166,09:32:30,4950.0,12050,ROUTE_NDLS_AGC_01,SYNTHETIC_SIMULATOR,OK,27.562274,77.636455,132.323,152.0,42.22,152.0,0.0,1485.6,160.0,,393.24,SEC_PWL_MTJ,,PWL,MTJ,8.677,62.677,CRUISING,,,,,15.29,,,GREEN,LOW,False,,False,,JRN_NDLS_AGC_01_20260902_190156,0.2257,0.0,0.95,0.4541,0.92,NONE,NONE,,3.4,24.7,09:32:30,30.0,BASELINE_HISTORICAL_CALIBRATION,34.5,4.0
OBS_000167,09:33:00,4980.0,12050,ROUTE_NDLS_AGC_01,SYNTHETIC_SIMULATOR,OK,27.552073,77.641892,133.59,152.0,42.22,152.0,0.0,1485.6,160.0,,367.34,SEC_PWL_MTJ,,PWL,MTJ,7.41,61.41,CRUISING,,,,,15.14,,,GREEN,LOW,False,,False,,JRN_NDLS_AGC_01_20260902_190156,0.2257,0.0,0.95,0.4541,0.92,NONE,NONE,,2.9,24.2,09:33:00,30.0,BASELINE_HISTORICAL_CALIBRATION,34.0,3.5
OBS_000168,09:33:30,5010.0,12050,ROUTE_NDLS_AGC_01,SYNTHETIC_SIMULATOR,OK,27.541873,77.647329,134.857,152.0,42.22,152.0,0.0,1485.6,160.0,,339.47,SEC_PWL_MTJ,,PWL,MTJ,6.143,60.143,CRUISING,,,,,14.99,,,GREEN,LOW,False,,False,,JRN_NDLS_AGC_01_20260902_190156,0.2257,0.0,0.4541,0.4541,0.92,NONE,NONE,,2.4,23.7,09:33:30,30.0,BASELINE_HISTORICAL_CALIBRATION,33.5,3.0
OBS_000169,09:34:00,5040.0,12050,ROUTE_NDLS_AGC_01,SYNTHETIC_SIMULATOR,OK,27.531672,77.652766,136.123,152.0,42.22,152.0,0.0,1485.6,160.0,,309.1,SEC_PWL_MTJ,,PWL,MTJ,4.877,58.877,CRUISING,,,,,14.84,,,GREEN,LOW,False,,False,,JRN_NDLS_AGC_01_20260902_190156,0.2257,0.0,0.4541,0.4541,0.92,NONE,NONE,,1.9,23.2,09:34:00,30.0,BASELINE_HISTORICAL_CALIBRATION,33.0,2.5
OBS_000170,09:34:30,5070.0,12050,ROUTE_NDLS_AGC_01,SYNTHETIC_SIMULATOR,OK,27.521472,77.658204,137.39,152.0,42.22,152.0,0.0,1485.6,160.0,,275.39,SEC_PWL_MTJ,,PWL,MTJ,3.61,57.61,CRUISING,,,,,14.69,,,GREEN,LOW,False,,False,,JRN_NDLS_AGC_01_20260902_190156,0.2257,0.0,0.4541,0.4541,0.92,NONE,NONE,,1.4,22.7,09:34:30,30.0,BASELINE_HISTORICAL_CALIBRATION,32.5,2.0
OBS_000171,09:35:00,5100.0,12050,ROUTE_NDLS_AGC_01,SYNTHETIC_SIMULATOR,OK,27.511271,77.663641,138.657,152.0,42.22,152.0,0.0,1485.6,160.0,,236.94,SEC_PWL_MTJ,,PWL,MTJ,2.343,56.343,CRUISING,,,,,14.54,,,GREEN,LOW,False,,False,,JRN_NDLS_AGC_01_20260902_190156,0.2257,0.0,0.4541,0.4541,0.92,NONE,NONE,,0.9,22.2,09:35:00,30.0,BASELINE_HISTORICAL_CALIBRATION,32.0,1.5
OBS_000172,09:35:30,5130.0,12050,ROUTE_NDLS_AGC_01,SYNTHETIC_SIMULATOR,OK,27.50107,77.669078,139.923,152.0,42.22,152.0,0.0,1485.6,160.0,,190.9,SEC_PWL_MTJ,,PWL,MTJ,1.077,55.077,CRUISING,,,,,14.39,,,GREEN,LOW,False,,False,,JRN_NDLS_AGC_01_20260902_190156,0.2257,0.0,0.4541,0.4541,0.92,NONE,NONE,,0.4,21.7,09:35:30,30.0,BASELINE_HISTORICAL_CALIBRATION,31.5,1.0
OBS_000173,09:36:00,5160.0,12050,ROUTE_NDLS_AGC_01,SYNTHETIC_SIMULATOR,OK,27.497393,77.671039,140.38,87.2,24.22,129.4,-0.6,488.9,160.0,,129.4,SEC_PWL_MTJ,,PWL,MTJ,0.62,54.62,DECELERATING,,,,,14.24,,,GREEN,LOW,False,,False,,JRN_NDLS_AGC_01_20260902_190156,0.2257,0.0,0.4541,0.4541,0.92,NONE,NONE,,0.4,37.6,09:36:00,30.0,BASELINE_HISTORICAL_CALIBRATION,31.0,0.5
OBS_000174,09:36:30,5190.0,12050,ROUTE_NDLS_AGC_01,SYNTHETIC_SIMULATOR,OK,27.4924,77.6737,141.0,0.0,0.0,98.19,0.0,0.0,160.0,,98.19,SEC_PWL_MTJ,MTJ,MTJ,RKM,50.0,54.0,DWELLING,ARRIVED,09:36:30,,,14.51,,,GREEN,LOW,False,,False,,JRN_NDLS_AGC_01_20260902_190156,0.2257,0.0,0.4541,0.4541,0.92,NONE,NONE,,120.0,129.6,09:36:30,30.0,BASELINE_HISTORICAL_CALIBRATION,30.5,26.5
OBS_000175,09:37:00,5220.0,12050,ROUTE_NDLS_AGC_01,SYNTHETIC_SIMULATOR,OK,27.4924,77.6737,141.0,0.0,0.0,0.0,0.0,0.0,130.0,,0.0,SEC_MTJ_RKM,MTJ,MTJ,RKM,50.0,54.0,DWELLING,,,,,14.69,,,GREEN,LOW,False,,False,,JRN_NDLS_AGC_01_20260902_190156,0.2257,0.0,0.4541,0.4541,0.92,NONE,NONE,,120.0,129.6,09:37:00,30.0,BASELINE_HISTORICAL_CALIBRATION,30.0,26.0
OBS_000176,09:37:30,5250.0,12050,ROUTE_NDLS_AGC_01,SYNTHETIC_SIMULATOR,OK,27.4924,77.6737,141.0,0.0,0.0,0.0,0.0,0.0,130.0,,0.0,SEC_MTJ_RKM,MTJ,MTJ,RKM,50.0,54.0,DWELLING,,,,,15.19,,,GREEN,LOW,False,,False,,JRN_NDLS_AGC_01_20260902_190156,0.2257,0.0,0.95,0.4541,0.92,NONE,NONE,,120.0,129.6,09:37:30,30.0,BASELINE_HISTORICAL_CALIBRATION,29.5,25.5
OBS_000177,09:38:00,5280.0,12050,ROUTE_NDLS_AGC_01,SYNTHETIC_SIMULATOR,OK,27.4924,77.6737,141.0,0.0,0.0,0.0,0.0,0.0,130.0,,0.0,SEC_MTJ_RKM,MTJ,MTJ,RKM,50.0,54.0,DWELLING,,,,,15.69,,,GREEN,LOW,False,,False,,JRN_NDLS_AGC_01_20260902_190156,0.2257,0.0,0.95,0.4541,0.92,NONE,NONE,,120.0,129.6,09:38:00,30.0,BASELINE_HISTORICAL_CALIBRATION,29.0,25.0
OBS_000178,09:38:30,5310.0,12050,ROUTE_NDLS_AGC_01,SYNTHETIC_SIMULATOR,OK,27.4924,77.6737,141.675,54.0,15.0,123.5,0.5,187.5,130.0,,881.82,SEC_MTJ_RKM,MTJ,MTJ,RKM,49.325,53.325,ACCELERATING,DEPARTED,,09:38:30,2,16.19,,,GREEN,LOW,False,,False,,JRN_NDLS_AGC_01_20260902_190156,0.2257,0.0,0.95,0.4541,0.92,NONE,NONE,,54.8,59.2,09:38:30,30.0,BASELINE_HISTORICAL_CALIBRATION,28.5,24.5
OBS_000179,09:39:00,5340.0,12050,ROUTE_NDLS_AGC_01,SYNTHETIC_SIMULATOR,OK,27.481884,77.685245,142.8,108.0,30.0,123.5,0.5,750.0,130.0,,875.84,SEC_MTJ_RKM,,MTJ,RKM,48.2,52.2,ACCELERATING,,,,,16.35,,,GREEN,LOW,False,,False,,JRN_NDLS_AGC_01_20260902_190156,0.2257,0.0,0.95,0.4541,0.92,NONE,NONE,,26.8,29.0,09:39:00,30.0,BASELINE_HISTORICAL_CALIBRATION,28.0,24.0
OBS_000180,09:39:30,5370.0,12050,ROUTE_NDLS_AGC_01,SYNTHETIC_SIMULATOR,OK,27.474558,77.693289,144.054,123.5,34.31,123.5,0.5,980.7,130.0,,865.8,SEC_MTJ_RKM,,MTJ,RKM,46.946,50.946,ACCELERATING,,,,,16.27,,,GREEN,LOW,False,,False,,JRN_NDLS_AGC_01_20260902_190156,0.2257,0.0,0.95,0.4541,0.92,NONE,NONE,,22.8,24.8,09:39:30,30.0,BASELINE_HISTORICAL_CALIBRATION,27.5,23.5
OBS_000181,09:40:00,5400.0,12050,ROUTE_NDLS_AGC_01,SYNTHETIC_SIMULATOR,OK,27.468545,77.69989,145.083,123.5,34.31,123.5,0.0,980.7,130.0,,854.46,SEC_MTJ_RKM,,MTJ,RKM,45.917,49.917,CRUISING,,,,,16.13,,,GREEN,LOW,False,,False,,JRN_NDLS_AGC_01_20260902_190156,0.2257,0.0,0.95,0.4541,0.92,NONE,NONE,,22.3,24.3,09:40:00,30.0,BASELINE_HISTORICAL_CALIBRATION,27.0,23.0
OBS_000182,09:40:30,5430.0,12050,ROUTE_NDLS_AGC_01,SYNTHETIC_SIMULATOR,OK,27.462533,77.706492,146.112,123.5,34.31,123.5,0.0,980.7,130.0,,845.04,SEC_MTJ_RKM,,MTJ,RKM,44.888,48.888,CRUISING,,,,,16.1,,,GREEN,LOW,False,,False,,JRN_NDLS_AGC_01_20260902_190156,0.2257,0.0,0.95,0.4541,0.92,NONE,NONE,,21.8,23.8,09:40:30,30.0,BASELINE_HISTORICAL_CALIBRATION,26.5,22.5
OBS_000183,09:41:00,5460.0,12050,ROUTE_NDLS_AGC_01,SYNTHETIC_SIMULATOR,OK,27.45652,77.713093,147.142,123.5,34.31,123.5,0.0,980.7,130.0,,835.52,SEC_MTJ_RKM,,MTJ,RKM,43.858,47.858,CRUISING,,,,,16.07,,,GREEN,LOW,False,,False,,JRN_NDLS_AGC_01_20260902_190156,0.2257,0.0,0.95,0.4541,0.92,NONE,NONE,,21.3,23.3,09:41:00,30.0,BASELINE_HISTORICAL_CALIBRATION,26.0,22.0
OBS_000184,09:41:30,5490.0,12050,ROUTE_NDLS_AGC_01,SYNTHETIC_SIMULATOR,OK,27.450508,77.719694,148.171,123.5,34.31,123.5,0.0,980.7,130.0,,825.88,SEC_MTJ_RKM,,MTJ,RKM,42.829,46.829,CRUISING,,,,,16.04,,,GREEN,LOW,False,,False,,JRN_NDLS_AGC_01_20260902_190156,0.2257,0.0,0.95,0.4541,0.92,NONE,NONE,,20.8,22.8,09:41:30,30.0,BASELINE_HISTORICAL_CALIBRATION,25.5,21.5
OBS_000185,09:42:00,5520.0,12050,ROUTE_NDLS_AGC_01,SYNTHETIC_SIMULATOR,OK,27.444496,77.726295,149.2,123.5,34.31,123.5,0.0,980.7,130.0,,816.14,SEC_MTJ_RKM,,MTJ,RKM,41.8,45.8,CRUISING,,,,,16.01,,,GREEN,LOW,False,,False,,JRN_NDLS_AGC_01_20260902_190156,0.2257,0.0,0.95,0.4541,0.92,NONE,NONE,,20.3,22.3,09:42:00,30.0,BASELINE_HISTORICAL_CALIBRATION,25.0,21.0
OBS_000186,09:42:30,5550.0,12050,ROUTE_NDLS_AGC_01,SYNTHETIC_SIMULATOR,OK,27.438483,77.732896,150.229,123.5,34.31,123.5,0.0,980.7,130.0,,806.27,SEC_MTJ_RKM,,MTJ,RKM,40.771,44.771,CRUISING,,,,,15.99,,,GREEN,LOW,False,,False,,JRN_NDLS_AGC_01_20260902_190156,0.2257,0.0,0.95,0.4541,0.92,NONE,NONE,,19.8,21.8,09:42:30,30.0,BASELINE_HISTORICAL_CALIBRATION,24.5,20.5
OBS_000187,09:43:00,5580.0,12050,ROUTE_NDLS_AGC_01,SYNTHETIC_SIMULATOR,OK,27.432471,77.739497,151.258,123.5,34.31,123.5,0.0,980.7,130.0,,796.28,SEC_MTJ_RKM,,MTJ,RKM,39.742,43.742,CRUISING,,,,,15.96,,,GREEN,LOW,False,,False,,JRN_NDLS_AGC_01_20260902_190156,0.2257,0.0,0.95,0.4541,0.92,NONE,NONE,,19.3,21.3,09:43:00,30.0,BASELINE_HISTORICAL_CALIBRATION,24.0,20.0
OBS_000188,09:43:30,5610.0,12050,ROUTE_NDLS_AGC_01,SYNTHETIC_SIMULATOR,OK,27.426458,77.746098,152.287,123.5,34.31,123.5,0.0,980.7,130.0,,786.17,SEC_MTJ_RKM,,MTJ,RKM,38.713,42.713,CRUISING,,,,,15.93,,,GREEN,LOW,False,,False,,JRN_NDLS_AGC_01_20260902_190156,0.2257,0.0,0.95,0.4541,0.92,NONE,NONE,,18.8,20.8,09:43:30,30.0,BASELINE_HISTORICAL_CALIBRATION,23.5,19.5
OBS_000189,09:44:00,5640.0,12050,ROUTE_NDLS_AGC_01,SYNTHETIC_SIMULATOR,OK,27.420446,77.752699,153.317,123.5,34.31,123.5,0.0,980.7,130.0,,775.92,SEC_MTJ_RKM,,MTJ,RKM,37.683,41.683,CRUISING,,,,,15.9,,,GREEN,LOW,False,,False,,JRN_NDLS_AGC_01_20260902_190156,0.2257,0.0,0.95,0.4541,0.92,NONE,NONE,,18.3,20.3,09:44:00,30.0,BASELINE_HISTORICAL_CALIBRATION,23.0,19.0
OBS_000190,09:44:30,5670.0,12050,ROUTE_NDLS_AGC_01,SYNTHETIC_SIMULATOR,OK,27.414434,77.7593,154.346,123.5,34.31,123.5,0.0,980.7,130.0,,765.54,SEC_MTJ_RKM,,MTJ,RKM,36.654,40.654,CRUISING,,,,,15.88,,,GREEN,LOW,False,,False,,JRN_NDLS_AGC_01_20260902_190156,0.2257,0.0,0.95,0.4541,0.92,NONE,NONE,,17.8,19.8,09:44:30,30.0,BASELINE_HISTORICAL_CALIBRATION,22.5,18.5
OBS_000191,09:45:00,5700.0,12050,ROUTE_NDLS_AGC_01,SYNTHETIC_SIMULATOR,OK,27.408421,77.765901,155.375,123.5,34.31,123.5,0.0,980.7,130.0,,755.01,SEC_MTJ_RKM,,MTJ,RKM,35.625,39.625,CRUISING,,,,,15.85,,,GREEN,LOW,False,,False,,JRN_NDLS_AGC_01_20260902_190156,0.2257,0.0,0.95,0.4541,0.92,NONE,NONE,,17.3,19.3,09:45:00,30.0,BASELINE_HISTORICAL_CALIBRATION,22.0,18.0
OBS_000192,09:45:30,5730.0,12050,ROUTE_NDLS_AGC_01,SYNTHETIC_SIMULATOR,OK,27.402409,77.772502,156.404,123.5,34.31,123.5,0.0,980.7,130.0,,744.34,SEC_MTJ_RKM,,MTJ,RKM,34.596,38.596,CRUISING,,,,,15.82,,,GREEN,LOW,False,,False,,JRN_NDLS_AGC_01_20260902_190156,0.2257,0.0,0.95,0.4541,0.92,NONE,NONE,,16.8,18.8,09:45:30,30.0,BASELINE_HISTORICAL_CALIBRATION,21.5,17.5
OBS_000193,09:46:00,5760.0,12050,ROUTE_NDLS_AGC_01,SYNTHETIC_SIMULATOR,OK,27.396396,77.779103,157.433,123.5,34.31,123.5,0.0,980.7,130.0,,733.51,SEC_MTJ_RKM,,MTJ,RKM,33.567,37.567,CRUISING,,,,,15.79,,,GREEN,LOW,False,,False,,JRN_NDLS_AGC_01_20260902_190156,0.2257,0.0,0.95,0.4541,0.92,NONE,NONE,,16.3,18.3,09:46:00,30.0,BASELINE_HISTORICAL_CALIBRATION,21.0,17.0
OBS_000194,09:46:30,5790.0,12050,ROUTE_NDLS_AGC_01,SYNTHETIC_SIMULATOR,OK,27.390384,77.785704,158.462,123.5,34.31,123.5,0.0,980.7,130.0,,722.52,SEC_MTJ_RKM,,MTJ,RKM,32.538,36.538,CRUISING,,,,,15.76,,,GREEN,LOW,False,,False,,JRN_NDLS_AGC_01_20260902_190156,0.2257,0.0,0.95,0.4541,0.92,NONE,NONE,,15.8,17.8,09:46:30,30.0,BASELINE_HISTORICAL_CALIBRATION,20.5,16.5
OBS_000195,09:47:00,5820.0,12050,ROUTE_NDLS_AGC_01,SYNTHETIC_SIMULATOR,OK,27.384372,77.792306,159.492,123.5,34.31,123.5,0.0,980.7,130.0,,711.35,SEC_MTJ_RKM,,MTJ,RKM,31.508,35.508,CRUISING,,,,,15.74,,,GREEN,LOW,False,,False,,JRN_NDLS_AGC_01_20260902_190156,0.2257,0.0,0.95,0.4541,0.92,NONE,NONE,,15.3,17.3,09:47:00,30.0,BASELINE_HISTORICAL_CALIBRATION,20.0,16.0
OBS_000196,09:47:30,5850.0,12050,ROUTE_NDLS_AGC_01,SYNTHETIC_SIMULATOR,OK,27.378359,77.798907,160.521,123.5,34.31,123.5,0.0,980.7,130.0,,700.01,SEC_MTJ_RKM,,MTJ,RKM,30.479,34.479,CRUISING,,,,,15.71,,,GREEN,LOW,False,,False,,JRN_NDLS_AGC_01_20260902_190156,0.2257,0.0,0.95,0.4541,0.92,NONE,NONE,,14.8,16.8,09:47:30,30.0,BASELINE_HISTORICAL_CALIBRATION,19.5,15.5
OBS_000197,09:48:00,5880.0,12050,ROUTE_NDLS_AGC_01,SYNTHETIC_SIMULATOR,OK,27.372347,77.805508,161.55,123.5,34.31,123.5,0.0,980.7,130.0,,688.49,SEC_MTJ_RKM,,MTJ,RKM,29.45,33.45,CRUISING,,,,,15.68,,,GREEN,LOW,False,,False,,JRN_NDLS_AGC_01_20260902_190156,0.2257,0.0,0.95,0.4541,0.92,NONE,NONE,,14.3,16.3,09:48:00,30.0,BASELINE_HISTORICAL_CALIBRATION,19.0,15.0
OBS_000198,09:48:30,5910.0,12050,ROUTE_NDLS_AGC_01,SYNTHETIC_SIMULATOR,OK,27.366335,77.812109,162.579,123.5,34.31,123.5,0.0,980.7,130.0,,676.76,SEC_MTJ_RKM,,MTJ,RKM,28.421,32.421,CRUISING,,,,,15.65,,,GREEN,LOW,False,,False,,JRN_NDLS_AGC_01_20260902_190156,0.2257,0.0,0.95,0.4541,0.92,NONE,NONE,,13.8,15.8,09:48:30,30.0,BASELINE_HISTORICAL_CALIBRATION,18.5,14.5
OBS_000199,09:49:00,5940.0,12050,ROUTE_NDLS_AGC_01,SYNTHETIC_SIMULATOR,OK,27.360322,77.81871,163.608,123.5,34.31,123.5,0.0,980.7,130.0,,664.83,SEC_MTJ_RKM,,MTJ,RKM,27.392,31.392,CRUISING,,,,,15.63,,,GREEN,LOW,False,,False,,JRN_NDLS_AGC_01_20260902_190156,0.2257,0.0,0.95,0.4541,0.92,NONE,NONE,,13.3,15.3,09:49:00,30.0,BASELINE_HISTORICAL_CALIBRATION,18.0,14.0
OBS_000200,09:49:30,5970.0,12050,ROUTE_NDLS_AGC_01,SYNTHETIC_SIMULATOR,OK,27.35431,77.825311,164.637,123.5,34.31,123.5,0.0,980.7,130.0,,652.68,SEC_MTJ_RKM,,MTJ,RKM,26.363,30.363,CRUISING,,,,,15.6,,,GREEN,LOW,False,,False,,JRN_NDLS_AGC_01_20260902_190156,0.2257,0.0,0.95,0.4541,0.92,NONE,NONE,,12.8,14.8,09:49:30,30.0,BASELINE_HISTORICAL_CALIBRATION,17.5,13.5
OBS_000201,09:50:00,6000.0,12050,ROUTE_NDLS_AGC_01,SYNTHETIC_SIMULATOR,OK,27.348297,77.831912,165.667,123.5,34.31,123.5,0.0,980.7,130.0,,640.3,SEC_MTJ_RKM,,MTJ,RKM,25.333,29.333,CRUISING,,,,,15.57,,,GREEN,LOW,False,,False,,JRN_NDLS_AGC_01_20260902_190156,0.2257,0.0,0.95,0.4541,0.92,NONE,NONE,,12.3,14.3,09:50:00,30.0,BASELINE_HISTORICAL_CALIBRATION,17.0,13.0
OBS_000202,09:50:30,6030.0,12050,ROUTE_NDLS_AGC_01,SYNTHETIC_SIMULATOR,OK,27.342285,77.838513,166.696,123.5,34.31,123.5,0.0,980.7,130.0,,627.68,SEC_MTJ_RKM,,MTJ,RKM,24.304,28.304,CRUISING,,,,,15.54,,,GREEN,LOW,False,,False,,JRN_NDLS_AGC_01_20260902_190156,0.2257,0.0,0.95,0.4541,0.92,NONE,NONE,,11.8,13.8,09:50:30,30.0,BASELINE_HISTORICAL_CALIBRATION,16.5,12.5
OBS_000203,09:51:00,6060.0,12050,ROUTE_NDLS_AGC_01,SYNTHETIC_SIMULATOR,OK,27.336273,77.845114,167.725,123.5,34.31,123.5,0.0,980.7,130.0,,614.8,SEC_MTJ_RKM,,MTJ,RKM,23.275,27.275,CRUISING,,,,,15.51,,,GREEN,LOW,False,,False,,JRN_NDLS_AGC_01_20260902_190156,0.2257,0.0,0.95,0.4541,0.92,NONE,NONE,,11.3,13.3,09:51:00,30.0,BASELINE_HISTORICAL_CALIBRATION,16.0,12.0
OBS_000204,09:51:30,6090.0,12050,ROUTE_NDLS_AGC_01,SYNTHETIC_SIMULATOR,OK,27.33026,77.851715,168.754,123.5,34.31,123.5,0.0,980.7,130.0,,601.64,SEC_MTJ_RKM,,MTJ,RKM,22.246,26.246,CRUISING,,,,,15.49,,,GREEN,LOW,False,,False,,JRN_NDLS_AGC_01_20260902_190156,0.2257,0.0,0.95,0.4541,0.92,NONE,NONE,,10.8,12.8,09:51:30,30.0,BASELINE_HISTORICAL_CALIBRATION,15.5,11.5
OBS_000205,09:52:00,6120.0,12050,ROUTE_NDLS_AGC_01,SYNTHETIC_SIMULATOR,OK,27.324248,77.858316,169.783,123.5,34.31,123.5,0.0,980.7,130.0,,588.19,SEC_MTJ_RKM,,MTJ,RKM,21.217,25.217,CRUISING,,,,,15.46,,,GREEN,LOW,False,,False,,JRN_NDLS_AGC_01_20260902_190156,0.2257,0.0,0.95,0.4541,0.92,NONE,NONE,,10.3,12.3,09:52:00,30.0,BASELINE_HISTORICAL_CALIBRATION,15.0,11.0
OBS_000206,09:52:30,6150.0,12050,ROUTE_NDLS_AGC_01,SYNTHETIC_SIMULATOR,OK,27.318235,77.864917,170.812,123.5,34.31,123.5,0.0,980.7,130.0,,574.42,SEC_MTJ_RKM,,MTJ,RKM,20.188,24.188,CRUISING,,,,,15.43,,,GREEN,LOW,False,,False,,JRN_NDLS_AGC_01_20260902_190156,0.2257,0.0,0.95,0.4541,0.92,NONE,NONE,,9.8,11.8,09:52:30,30.0,BASELINE_HISTORICAL_CALIBRATION,14.5,10.5
OBS_000207,09:53:00,6180.0,12050,ROUTE_NDLS_AGC_01,SYNTHETIC_SIMULATOR,OK,27.312223,77.871518,171.842,123.5,34.31,123.5,0.0,980.7,130.0,,560.32,SEC_MTJ_RKM,,MTJ,RKM,19.158,23.158,CRUISING,,,,,15.4,,,GREEN,LOW,False,,False,,JRN_NDLS_AGC_01_20260902_190156,0.2257,0.0,0.95,0.4541,0.92,NONE,NONE,,9.3,11.3,09:53:00,30.0,BASELINE_HISTORICAL_CALIBRATION,14.0,10.0
OBS_000208,09:53:30,6210.0,12050,ROUTE_NDLS_AGC_01,SYNTHETIC_SIMULATOR,OK,27.306211,77.87812,172.871,123.5,34.31,123.5,0.0,980.7,130.0,,545.85,SEC_MTJ_RKM,,MTJ,RKM,18.129,22.129,CRUISING,,,,,15.38,,,GREEN,LOW,False,,False,,JRN_NDLS_AGC_01_20260902_190156,0.2257,0.0,0.95,0.4541,0.92,NONE,NONE,,8.8,10.8,09:53:30,30.0,BASELINE_HISTORICAL_CALIBRATION,13.5,9.5
OBS_000209,09:54:00,6240.0,12050,ROUTE_NDLS_AGC_01,SYNTHETIC_SIMULATOR,OK,27.300198,77.884721,173.9,123.5,34.31,123.5,0.0,980.7,130.0,,530.98,SEC_MTJ_RKM,,MTJ,RKM,17.1,21.1,CRUISING,,,,,15.35,,,GREEN,LOW,False,,False,,JRN_NDLS_AGC_01_20260902_190156,0.2257,0.0,0.95,0.4541,0.92,NONE,NONE,,8.3,10.3,09:54:00,30.0,BASELINE_HISTORICAL_CALIBRATION,13.0,9.0
OBS_000210,09:54:30,6270.0,12050,ROUTE_NDLS_AGC_01,SYNTHETIC_SIMULATOR,OK,27.294186,77.891322,174.929,123.5,34.31,123.5,0.0,980.7,130.0,,515.69,SEC_MTJ_RKM,,MTJ,RKM,16.071,20.071,CRUISING,,,,,15.32,,,GREEN,LOW,False,,False,,JRN_NDLS_AGC_01_20260902_190156,0.2257,0.0,0.95,0.4541,0.92,NONE,NONE,,7.8,9.8,09:54:30,30.0,BASELINE_HISTORICAL_CALIBRATION,12.5,8.5
OBS_000211,09:55:00,6300.0,12050,ROUTE_NDLS_AGC_01,SYNTHETIC_SIMULATOR,OK,27.288173,77.897923,175.958,123.5,34.31,123.5,0.0,980.7,130.0,,499.93,SEC_MTJ_RKM,,MTJ,RKM,15.042,19.042,CRUISING,,,,,15.29,,,GREEN,LOW,False,,False,,JRN_NDLS_AGC_01_20260902_190156,0.2257,0.0,0.95,0.4541,0.92,NONE,NONE,,7.3,9.3,09:55:00,30.0,BASELINE_HISTORICAL_CALIBRATION,12.0,8.0
OBS_000212,09:55:30,6330.0,12050,ROUTE_NDLS_AGC_01,SYNTHETIC_SIMULATOR,OK,27.282161,77.904524,176.987,123.5,34.31,123.5,0.0,980.7,130.0,,483.66,SEC_MTJ_RKM,,MTJ,RKM,14.013,18.013,CRUISING,,,,,15.26,,,GREEN,LOW,False,,False,,JRN_NDLS_AGC_01_20260902_190156,0.2257,0.0,0.95,0.4541,0.92,NONE,NONE,,6.8,8.8,09:55:30,30.0,BASELINE_HISTORICAL_CALIBRATION,11.5,7.5
OBS_000213,09:56:00,6360.0,12050,ROUTE_NDLS_AGC_01,SYNTHETIC_SIMULATOR,OK,27.276149,77.911125,178.017,123.5,34.31,123.5,0.0,980.7,130.0,,466.82,SEC_MTJ_RKM,,MTJ,RKM,12.983,16.983,CRUISING,,,,,15.24,,,GREEN,LOW,False,,False,,JRN_NDLS_AGC_01_20260902_190156,0.2257,0.0,0.95,0.4541,0.92,NONE,NONE,,6.3,8.3,09:56:00,30.0,BASELINE_HISTORICAL_CALIBRATION,11.0,7.0
OBS_000214,09:56:30,6390.0,12050,ROUTE_NDLS_AGC_01,SYNTHETIC_SIMULATOR,OK,27.270136,77.917726,179.046,123.5,34.31,123.5,0.0,980.7,130.0,,449.35,SEC_MTJ_RKM,,MTJ,RKM,11.954,15.954,CRUISING,,,,,15.21,,,GREEN,LOW,False,,False,,JRN_NDLS_AGC_01_20260902_190156,0.2257,0.0,0.95,0.4541,0.92,NONE,NONE,,5.8,7.8,09:56:30,30.0,BASELINE_HISTORICAL_CALIBRATION,10.5,6.5
OBS_000215,09:57:00,6420.0,12050,ROUTE_NDLS_AGC_01,SYNTHETIC_SIMULATOR,OK,27.264124,77.924327,180.075,123.5,34.31,123.5,0.0,980.7,130.0,,431.17,SEC_MTJ_RKM,,MTJ,RKM,10.925,14.925,CRUISING,,,,,15.18,,,GREEN,LOW,False,,False,,JRN_NDLS_AGC_01_20260902_190156,0.2257,0.0,0.95,0.4541,0.92,NONE,NONE,,5.3,7.3,09:57:00,30.0,BASELINE_HISTORICAL_CALIBRATION,10.0,6.0
OBS_000216,09:57:30,6450.0,12050,ROUTE_NDLS_AGC_01,SYNTHETIC_SIMULATOR,OK,27.258111,77.930928,181.104,123.5,34.31,123.5,0.0,980.7,130.0,,412.2,SEC_MTJ_RKM,,MTJ,RKM,9.896,13.896,CRUISING,,,,,15.15,,,GREEN,LOW,False,,False,,JRN_NDLS_AGC_01_20260902_190156,0.2257,0.0,0.95,0.4541,0.92,NONE,NONE,,4.8,6.8,09:57:30,30.0,BASELINE_HISTORICAL_CALIBRATION,9.5,5.5
OBS_000217,09:58:00,6480.0,12050,ROUTE_NDLS_AGC_01,SYNTHETIC_SIMULATOR,OK,27.252099,77.937529,182.133,123.5,34.31,123.5,0.0,980.7,130.0,,392.3,SEC_MTJ_RKM,,MTJ,RKM,8.867,12.867,CRUISING,,,,,15.13,,,GREEN,LOW,False,,False,,JRN_NDLS_AGC_01_20260902_190156,0.2257,0.0,0.95,0.4541,0.92,NONE,NONE,,4.3,6.3,09:58:00,30.0,BASELINE_HISTORICAL_CALIBRATION,9.0,5.0
OBS_000218,09:58:30,6510.0,12050,ROUTE_NDLS_AGC_01,SYNTHETIC_SIMULATOR,OK,27.246087,77.94413,183.162,123.5,34.31,123.5,0.0,980.7,130.0,,371.34,SEC_MTJ_RKM,,MTJ,RKM,7.838,11.838,CRUISING,,,,,15.1,,,GREEN,LOW,False,,False,,JRN_NDLS_AGC_01_20260902_190156,0.2257,0.0,0.95,0.4541,0.92,NONE,NONE,,3.8,5.8,09:58:30,30.0,BASELINE_HISTORICAL_CALIBRATION,8.5,4.5
OBS_000219,09:59:00,6540.0,12050,ROUTE_NDLS_AGC_01,SYNTHETIC_SIMULATOR,OK,27.240074,77.950731,184.192,123.5,34.31,123.5,0.0,980.7,130.0,,349.13,SEC_MTJ_RKM,,MTJ,RKM,6.808,10.808,CRUISING,,,,,15.07,,,GREEN,LOW,False,,False,,JRN_NDLS_AGC_01_20260902_190156,0.2257,0.0,0.95,0.4541,0.92,NONE,NONE,,3.3,5.3,09:59:00,30.0,BASELINE_HISTORICAL_CALIBRATION,8.0,4.0
OBS_000220,09:59:30,6570.0,12050,ROUTE_NDLS_AGC_01,SYNTHETIC_SIMULATOR,OK,27.234062,77.957332,185.221,123.5,34.31,123.5,0.0,980.7,130.0,,325.4,SEC_MTJ_RKM,,MTJ,RKM,5.779,9.779,CRUISING,,,,,15.04,,,GREEN,LOW,False,,False,,JRN_NDLS_AGC_01_20260902_190156,0.2257,0.0,0.95,0.4541,0.92,NONE,NONE,,2.8,4.8,09:59:30,30.0,BASELINE_HISTORICAL_CALIBRATION,7.5,3.5
OBS_000221,10:00:00,6600.0,12050,ROUTE_NDLS_AGC_01,SYNTHETIC_SIMULATOR,OK,27.22805,77.963933,186.25,123.5,34.31,123.5,0.0,980.7,130.0,,299.8,SEC_MTJ_RKM,,MTJ,RKM,4.75,8.75,CRUISING,,,,,15.01,,,GREEN,LOW,False,,False,,JRN_NDLS_AGC_01_20260902_190156,0.2483,0.0,0.95,0.4541,0.92,NONE,NONE,,2.3,4.3,10:00:00,30.0,BASELINE_HISTORICAL_CALIBRATION,7.0,3.0
OBS_000222,10:00:30,6630.0,12050,ROUTE_NDLS_AGC_01,SYNTHETIC_SIMULATOR,OK,27.222037,77.970535,187.279,123.5,34.31,123.5,0.0,980.7,130.0,,271.79,SEC_MTJ_RKM,,MTJ,RKM,3.721,7.721,CRUISING,,,,,14.99,,,GREEN,LOW,False,,False,,JRN_NDLS_AGC_01_20260902_190156,0.2483,0.0,0.4541,0.4541,0.92,NONE,NONE,,1.8,3.8,10:00:30,30.0,BASELINE_HISTORICAL_CALIBRATION,6.5,2.5
OBS_000223,10:01:00,6660.0,12050,ROUTE_NDLS_AGC_01,SYNTHETIC_SIMULATOR,OK,27.216025,77.977136,188.308,123.5,34.31,123.5,0.0,980.7,130.0,,240.55,SEC_MTJ_RKM,,MTJ,RKM,2.692,6.692,CRUISING,,,,,14.96,,,GREEN,LOW,False,,False,,JRN_NDLS_AGC_01_20260902_190156,0.2483,0.0,0.4541,0.4541,0.92,NONE,NONE,,1.3,3.3,10:01:00,30.0,BASELINE_HISTORICAL_CALIBRATION,6.0,2.0
OBS_000224,10:01:30,6690.0,12050,ROUTE_NDLS_AGC_01,SYNTHETIC_SIMULATOR,OK,27.210012,77.983737,189.337,123.5,34.31,123.5,0.0,980.7,130.0,,204.6,SEC_MTJ_RKM,,MTJ,RKM,1.663,5.663,CRUISING,,,,,14.93,,,GREEN,LOW,False,,False,,JRN_NDLS_AGC_01_20260902_190156,0.2483,0.0,0.4541,0.4541,0.92,NONE,NONE,,0.8,2.8,10:01:30,30.0,BASELINE_HISTORICAL_CALIBRATION,5.5,1.5
OBS_000225,10:02:00,6720.0,12050,ROUTE_NDLS_AGC_01,SYNTHETIC_SIMULATOR,OK,27.204,77.990338,190.367,123.5,34.31,123.5,0.0,980.7,130.0,,160.8,SEC_MTJ_RKM,,MTJ,RKM,0.633,4.633,CRUISING,,,,,14.9,,,GREEN,LOW,False,,False,,JRN_NDLS_AGC_01_20260902_190156,0.2483,0.0,0.4541,0.4541,0.92,NONE,NONE,,0.3,2.3,10:02:00,30.0,BASELINE_HISTORICAL_CALIBRATION,5.0,1.0
OBS_000226,10:02:30,6750.0,12050,ROUTE_NDLS_AGC_01,SYNTHETIC_SIMULATOR,OK,27.20272,77.991744,190.586,58.7,16.31,99.25,-0.6,221.6,130.0,,99.25,SEC_MTJ_RKM,,MTJ,RKM,0.414,4.414,DECELERATING,,,,,14.88,,,GREEN,LOW,False,,False,,JRN_NDLS_AGC_01_20260902_190156,0.2483,0.0,0.4541,0.4541,0.92,NONE,NONE,,0.4,4.5,10:02:30,30.0,BASELINE_HISTORICAL_CALIBRATION,4.5,0.5
OBS_000227,10:03:00,6780.0,12050,ROUTE_NDLS_AGC_01,SYNTHETIC_SIMULATOR,OK,27.2003,77.9944,191.0,0.0,0.0,80.26,0.0,0.0,130.0,,80.26,SEC_MTJ_RKM,RKM,RKM,AGC,4.0,4.0,DWELLING,ARRIVED,10:03:00,,,15.26,,,GREEN,LOW,False,,False,,JRN_NDLS_AGC_01_20260902_190156,0.2483,0.0,0.95,0.4541,0.92,NONE,NONE,,9.6,9.6,10:03:00,30.0,BASELINE_HISTORICAL_CALIBRATION,4.0,4.0
OBS_000228,10:03:30,6810.0,12050,ROUTE_NDLS_AGC_01,SYNTHETIC_SIMULATOR,OK,27.2003,77.9944,191.0,0.0,0.0,0.0,0.0,0.0,90.0,,0.0,SEC_RKM_AGC,RKM,RKM,AGC,4.0,4.0,DWELLING,,,,,15.55,,,GREEN,LOW,False,,False,,JRN_NDLS_AGC_01_20260902_190156,0.2483,0.0,0.95,0.4541,0.92,NONE,NONE,,9.6,9.6,10:03:30,30.0,BASELINE_HISTORICAL_CALIBRATION,3.5,3.5
OBS_000229,10:04:00,6840.0,12050,ROUTE_NDLS_AGC_01,SYNTHETIC_SIMULATOR,OK,27.2003,77.9944,191.675,54.0,15.0,85.5,0.5,187.5,90.0,,249.42,SEC_RKM_AGC,RKM,RKM,AGC,3.325,3.325,ACCELERATING,DEPARTED,,10:04:00,1,16.05,,,GREEN,LOW,False,,False,,JRN_NDLS_AGC_01_20260902_190156,0.2483,0.0,0.95,0.4541,0.92,NONE,NONE,,3.7,3.7,10:04:00,30.0,BASELINE_HISTORICAL_CALIBRATION,3.0,3.0
OBS_000230,10:04:30,6870.0,12050,ROUTE_NDLS_AGC_01,SYNTHETIC_SIMULATOR,OK,27.183691,77.999721,192.613,85.5,23.75,85.5,0.5,470.1,90.0,,227.4,SEC_RKM_AGC,,RKM,AGC,2.387,2.387,ACCELERATING,,,,,16.21,,,GREEN,LOW,False,,False,,JRN_NDLS_AGC_01_20260902_190156,0.2483,0.0,0.95,0.4541,0.92,NONE,NONE,,1.7,1.7,10:04:30,30.0,BASELINE_HISTORICAL_CALIBRATION,2.5,2.5
OBS_000231,10:05:00,6900.0,12050,ROUTE_NDLS_AGC_01,SYNTHETIC_SIMULATOR,OK,27.176353,78.002072,193.325,85.5,23.75,85.5,0.0,470.1,90.0,,192.69,SEC_RKM_AGC,,RKM,AGC,1.675,1.675,CRUISING,,,,,16.22,,,GREEN,LOW,False,,False,,JRN_NDLS_AGC_01_20260902_190156,0.2483,0.0,0.95,0.4541,0.92,NONE,NONE,,1.2,1.2,10:05:00,30.0,BASELINE_HISTORICAL_CALIBRATION,2.0,2.0
OBS_000232,10:05:30,6930.0,12050,ROUTE_NDLS_AGC_01,SYNTHETIC_SIMULATOR,OK,27.169014,78.004424,194.037,85.5,23.75,85.5,0.0,470.1,90.0,,161.4,SEC_RKM_AGC,,RKM,AGC,0.963,0.963,CRUISING,,,,,16.36,,,GREEN,LOW,False,,False,,JRN_NDLS_AGC_01_20260902_190156,0.2483,0.0,0.95,0.4541,0.92,NONE,NONE,,0.7,0.7,10:05:30,30.0,BASELINE_HISTORICAL_CALIBRATION,1.5,1.5
OBS_000233,10:06:00,6960.0,12050,ROUTE_NDLS_AGC_01,SYNTHETIC_SIMULATOR,OK,27.161675,78.006775,194.75,85.5,23.75,85.5,0.0,470.1,90.0,,122.35,SEC_RKM_AGC,,RKM,AGC,0.25,0.25,CRUISING,,,,,16.49,,,GREEN,LOW,False,,False,,JRN_NDLS_AGC_01_20260902_190156,0.2483,0.0,0.95,0.4541,0.92,NONE,NONE,,0.2,0.2,10:06:00,30.0,BASELINE_HISTORICAL_CALIBRATION,1.0,1.0
OBS_000234,10:06:30,6990.0,12050,ROUTE_NDLS_AGC_01,SYNTHETIC_SIMULATOR,OK,27.161675,78.006775,194.75,20.7,5.75,62.35,-0.6,27.6,90.0,,62.35,SEC_RKM_AGC,,RKM,AGC,0.25,0.25,DECELERATING,,,,,16.63,,,GREEN,LOW,False,,False,,JRN_NDLS_AGC_01_20260902_190156,0.2483,0.0,0.95,0.4541,0.92,NONE,NONE,,0.6,0.6,10:06:30,30.0,BASELINE_HISTORICAL_CALIBRATION,0.5,0.5
OBS_000235,10:07:00,7020.0,12050,ROUTE_NDLS_AGC_01,SYNTHETIC_SIMULATOR,OK,27.1591,78.0076,195.0,0.0,0.0,62.35,0.0,0.0,90.0,,62.35,SEC_RKM_AGC,AGC,AGC,,0.0,0.0,COMPLETED,ARRIVED,10:07:00,,,17.13,,,GREEN,LOW,False,,False,,JRN_NDLS_AGC_01_20260902_190156,0.2483,0.0,0.95,0.4541,0.92,NONE,NONE,,0.0,0.0,10:07:00,30.0,BASELINE_HISTORICAL_CALIBRATION,0.0,0.0
