observation_id,timestamp,elapsed_min,latitude,longitude,position_accuracy_m,speed_kmph,current_section_id,current_station_id,distance_from_origin_km,distance_to_next_station_km,distance_to_destination_km,current_delay_min,station_event,signal_status,congestion_level
OBS_00001,6:45:00,0,28.6431,77.2197,5.3,0,,NDLS,0,25,314,0,DEPARTED,CLEAR,LOW
OBS_00002,6:45:30,0.5,28.643939,77.227081,4.8,101.5,SEC_NDLS_GZB,,0.85,24.15,313.15,-0.45,,CLEAR,LOW
OBS_00003,6:46:00,1,28.644789,77.234552,6.2,102.8,SEC_NDLS_GZB,,1.7,23.3,312.3,-0.91,,CLEAR,LOW
OBS_00004,6:46:30,1.5,28.645662,77.242229,6.7,105.6,SEC_NDLS_GZB,,2.58,22.42,311.42,-1.39,,CLEAR,LOW
OBS_00005,6:47:00,2,28.646504,77.249638,5.3,101.9,SEC_NDLS_GZB,,3.43,21.57,310.57,-1.84,,CLEAR,LOW
OBS_00006,6:47:30,2.5,28.647344,77.257021,4.7,101.6,SEC_NDLS_GZB,,4.28,20.72,309.72,-2.29,,CLEAR,LOW
OBS_00007,6:48:00,3,28.648208,77.264621,4.1,104.5,SEC_NDLS_GZB,,5.15,19.85,308.85,-2.77,,CLEAR,LOW
OBS_00008,6:48:30,3.5,28.649056,77.27208,5.9,102.6,SEC_NDLS_GZB,,6,19,308,-3.22,,CLEAR,LOW
OBS_00009,6:49:00,4,28.649922,77.279698,4.7,104.8,SEC_NDLS_GZB,,6.88,18.12,307.12,-3.7,,CLEAR,LOW
OBS_00010,6:49:30,4.5,28.650791,77.287336,6.4,105.1,SEC_NDLS_GZB,,7.75,17.25,306.25,-4.18,,CLEAR,LOW
OBS_00011,6:50:00,5,28.651629,77.294708,6.4,101.4,SEC_NDLS_GZB,,8.6,16.4,305.4,-4.63,,CLEAR,LOW
OBS_00012,6:50:30,5.5,28.652503,77.302396,5,105.7,SEC_NDLS_GZB,,9.48,15.52,304.52,-5.12,,CLEAR,LOW
OBS_00013,6:51:00,6,28.653349,77.309836,6.9,102.3,SEC_NDLS_GZB,,10.33,14.67,303.67,-5.57,,CLEAR,LOW
OBS_00014,6:51:30,6.5,28.654205,77.317358,4.3,103.5,SEC_NDLS_GZB,,11.19,13.81,302.81,-6.04,,CLEAR,LOW
OBS_00015,6:52:00,7,28.655048,77.324772,6.5,102,SEC_NDLS_GZB,,12.04,12.96,301.96,-6.49,,CLEAR,LOW
OBS_00016,6:52:30,7.5,28.655917,77.332416,6.4,105.2,SEC_NDLS_GZB,,12.92,12.08,301.08,-6.97,,CLEAR,LOW
OBS_00017,6:53:00,8,28.656793,77.340118,5.6,105.9,SEC_NDLS_GZB,,13.8,11.2,300.2,-7.46,,CLEAR,LOW
OBS_00018,6:53:30,8.5,28.657681,77.347931,5.1,107.5,SEC_NDLS_GZB,,14.7,10.3,299.3,-7.96,,CLEAR,LOW
OBS_00019,6:54:00,9,28.658548,77.355552,6.5,104.8,SEC_NDLS_GZB,,15.57,9.43,298.43,-8.44,,CLEAR,LOW
OBS_00020,6:54:30,9.5,28.659418,77.363203,6.6,105.2,SEC_NDLS_GZB,,16.45,8.55,297.55,-8.92,,CLEAR,LOW
OBS_00021,6:55:00,10,28.660285,77.370835,6.1,105,SEC_NDLS_GZB,,17.32,7.68,296.68,-9.4,,CLEAR,LOW
OBS_00022,6:55:30,10.5,28.661126,77.378225,4.7,101.7,SEC_NDLS_GZB,,18.17,6.83,295.83,-9.85,,CLEAR,LOW
OBS_00023,6:56:00,11,28.661979,77.385727,4.2,103.2,SEC_NDLS_GZB,,19.03,5.97,294.97,-10.31,,CLEAR,LOW
OBS_00024,6:56:30,11.5,28.662829,77.393202,4.3,102.8,SEC_NDLS_GZB,,19.89,5.11,294.11,-10.77,,CLEAR,LOW
OBS_00025,6:57:00,12,28.663681,77.400698,5.9,103.1,SEC_NDLS_GZB,,20.75,4.25,293.25,-11.24,,CLEAR,LOW
OBS_00026,6:57:30,12.5,28.664538,77.408233,5.1,103.7,SEC_NDLS_GZB,,21.61,3.39,292.39,-11.7,,CLEAR,LOW
OBS_00027,6:58:00,13,28.665387,77.415698,4.8,102.7,SEC_NDLS_GZB,,22.47,2.53,291.53,-12.16,,CLEAR,LOW
OBS_00028,6:58:30,13.5,28.666273,77.423494,5.9,107.2,SEC_NDLS_GZB,,23.36,1.64,290.64,-12.66,,CLEAR,LOW
OBS_00029,6:59:00,14,28.667143,77.431141,4.5,105.2,SEC_NDLS_GZB,,24.24,0.76,289.76,-13.15,,CLEAR,LOW
OBS_00030,6:59:30,14.5,28.6679,77.4378,4.5,0,,GZB,25,47,289,-13.5,ARRIVED,CLEAR,LOW
OBS_00031,7:00:00,15,28.6679,77.4378,3.8,0,,GZB,25,47,289,-15,,CLEAR,LOW
OBS_00032,7:00:30,15.5,28.6679,77.4378,5,0,,GZB,25,47,289,-14.5,,CLEAR,LOW
OBS_00033,7:01:00,16,28.6679,77.4378,4.3,0,,GZB,25,47,289,-14,,CLEAR,LOW
OBS_00034,7:01:30,16.5,28.6679,77.4378,4.1,0,,GZB,25,47,289,-13.5,DEPARTED,CLEAR,LOW
OBS_00035,7:02:00,17,28.674278,77.443171,6.5,115.3,SEC_GZB_MTC,,25.96,46.04,288.04,-13.82,,CLEAR,LOW
OBS_00036,7:02:30,17.5,28.680691,77.448571,4.7,115.9,SEC_GZB_MTC,,26.93,45.07,287.07,-14.14,,CLEAR,LOW
OBS_00037,7:03:00,18,28.686822,77.453733,4.9,110.8,SEC_GZB_MTC,,27.85,44.15,286.15,-14.43,,CLEAR,LOW
OBS_00038,7:03:30,18.5,28.693043,77.458971,4.6,112.4,SEC_GZB_MTC,,28.79,43.21,285.21,-14.72,,CLEAR,LOW
OBS_00039,7:04:00,19,28.699519,77.464424,6.6,117,SEC_GZB_MTC,,29.76,42.24,284.24,-15.05,,CLEAR,LOW
OBS_00040,7:04:30,19.5,28.705757,77.469677,6,112.7,SEC_GZB_MTC,,30.7,41.3,283.3,-15.35,,CLEAR,LOW
OBS_00041,7:05:00,20,28.712026,77.474956,6.7,113.3,SEC_GZB_MTC,,31.65,40.35,282.35,-15.66,,CLEAR,LOW
OBS_00042,7:05:30,20.5,28.718319,77.480255,4.8,113.7,SEC_GZB_MTC,,32.59,39.41,281.41,-15.96,,CLEAR,LOW
OBS_00043,7:06:00,21,28.724531,77.485486,5.7,112.3,SEC_GZB_MTC,,33.53,38.47,280.47,-16.26,,CLEAR,LOW
OBS_00044,7:06:30,21.5,28.73075,77.490722,5.8,112.4,SEC_GZB_MTC,,34.46,37.54,279.54,-16.56,,CLEAR,LOW
OBS_00045,7:07:00,22,28.737209,77.496161,5.2,116.7,SEC_GZB_MTC,,35.44,36.56,278.56,-16.88,,CLEAR,LOW
OBS_00046,7:07:30,22.5,28.743411,77.501383,7,112.1,SEC_GZB_MTC,,36.37,35.63,277.63,-17.18,,CLEAR,LOW
OBS_00047,7:08:00,23,28.749723,77.506698,4.3,114.1,SEC_GZB_MTC,,37.32,34.68,276.68,-17.49,,CLEAR,LOW
OBS_00048,7:08:30,23.5,28.75586,77.511866,4.3,110.9,SEC_GZB_MTC,,38.25,33.75,275.75,-17.77,,CLEAR,LOW
OBS_00049,7:09:00,24,28.762217,77.517218,6.4,114.9,SEC_GZB_MTC,,39.2,32.8,274.8,-18.09,,CLEAR,LOW
OBS_00050,7:09:30,24.5,28.768496,77.522505,4.2,113.5,SEC_GZB_MTC,,40.15,31.85,273.85,-18.39,,CLEAR,LOW
OBS_00051,7:10:00,25,28.774759,77.52778,7,113.2,SEC_GZB_MTC,,41.09,30.91,272.91,-18.7,,CLEAR,LOW
OBS_00052,7:10:30,25.5,28.781079,77.533101,6.9,114.2,SEC_GZB_MTC,,42.04,29.96,271.96,-19.01,,CLEAR,LOW
OBS_00053,7:11:00,26,28.787524,77.538528,4,116.5,SEC_GZB_MTC,,43.01,28.99,270.99,-19.33,,CLEAR,LOW
OBS_00054,7:11:30,26.5,28.793916,77.54391,6,115.5,SEC_GZB_MTC,,43.98,28.02,270.02,-19.65,,CLEAR,LOW
OBS_00055,7:12:00,27,28.800238,77.549234,4.8,114.3,SEC_GZB_MTC,,44.93,27.07,269.07,-19.96,,CLEAR,LOW
OBS_00056,7:12:30,27.5,28.8066,77.554591,4.3,115,SEC_GZB_MTC,,45.89,26.11,268.11,-20.28,,CLEAR,LOW
OBS_00057,7:13:00,28,28.812884,77.559882,5.4,113.6,SEC_GZB_MTC,,46.83,25.17,267.17,-20.58,,CLEAR,LOW
OBS_00058,7:13:30,28.5,28.819364,77.565338,6.6,117.1,SEC_GZB_MTC,,47.81,24.19,266.19,-20.91,,CLEAR,LOW
OBS_00059,7:14:00,29,28.825583,77.570575,5.5,112.4,SEC_GZB_MTC,,48.75,23.25,265.25,-21.21,,CLEAR,LOW
OBS_00060,7:14:30,29.5,28.831769,77.575784,6.7,111.8,SEC_GZB_MTC,,49.68,22.32,264.32,-21.5,,CLEAR,LOW
OBS_00061,7:15:00,30,28.838218,77.581214,4.9,116.5,SEC_GZB_MTC,,50.65,21.35,263.35,-21.83,,CLEAR,LOW
OBS_00062,7:15:30,30.5,28.844579,77.58657,5.8,115,SEC_GZB_MTC,,51.61,20.39,262.39,-22.14,,CLEAR,LOW
OBS_00063,7:16:00,31,28.850756,77.591772,6.3,111.6,SEC_GZB_MTC,,52.54,19.46,261.46,-22.44,,CLEAR,LOW
OBS_00064,7:16:30,31.5,28.857079,77.597096,6.3,114.3,SEC_GZB_MTC,,53.49,18.51,260.51,-22.75,,CLEAR,LOW
OBS_00065,7:17:00,32,28.863399,77.602418,4,114.2,SEC_GZB_MTC,,54.44,17.56,259.56,-23.06,,CLEAR,LOW
OBS_00066,7:17:30,32.5,28.869641,77.607674,4.1,112.8,SEC_GZB_MTC,,55.38,16.62,258.62,-23.36,,CLEAR,LOW
OBS_00067,7:18:00,33,28.876112,77.613122,6.6,116.9,SEC_GZB_MTC,,56.36,15.64,257.64,-23.69,,CLEAR,LOW
OBS_00068,7:18:30,33.5,28.882546,77.61854,4.9,116.3,SEC_GZB_MTC,,57.32,14.68,256.68,-24.01,,CLEAR,LOW
OBS_00069,7:19:00,34,28.888687,77.623711,6.6,111,SEC_GZB_MTC,,58.25,13.75,255.75,-24.3,,CLEAR,LOW
OBS_00070,7:19:30,34.5,28.895165,77.629165,4.3,117.1,SEC_GZB_MTC,,59.22,12.78,254.78,-24.63,,CLEAR,LOW
OBS_00071,7:20:00,35,28.901468,77.634473,4.2,113.9,SEC_GZB_MTC,,60.17,11.83,253.83,-24.93,,CLEAR,LOW
OBS_00072,7:20:30,35.5,28.907875,77.639868,6.3,115.8,SEC_GZB_MTC,,61.14,10.86,252.86,-25.26,,CLEAR,LOW
OBS_00073,7:21:00,36,28.914042,77.645061,5.4,111.5,SEC_GZB_MTC,,62.07,9.93,251.93,-25.55,,CLEAR,LOW
OBS_00074,7:21:30,36.5,28.92037,77.650389,4.8,114.3,SEC_GZB_MTC,,63.02,8.98,250.98,-25.86,,CLEAR,LOW
OBS_00075,7:22:00,37,28.926819,77.65582,5.3,116.5,SEC_GZB_MTC,,63.99,8.01,250.01,-26.18,,CLEAR,LOW
OBS_00076,7:22:30,37.5,28.933018,77.66104,5.6,112,SEC_GZB_MTC,,64.92,7.08,249.08,-26.48,,CLEAR,LOW
OBS_00077,7:23:00,38,28.939414,77.666425,4.6,115.6,SEC_GZB_MTC,,65.89,6.11,248.11,-26.8,,CLEAR,LOW
OBS_00078,7:23:30,38.5,28.945651,77.671677,7,112.7,SEC_GZB_MTC,,66.83,5.17,247.17,-27.1,,CLEAR,LOW
OBS_00079,7:24:00,39,28.952016,77.677036,5.3,115,SEC_GZB_MTC,,67.79,4.21,246.21,-27.41,,CLEAR,LOW
OBS_00080,7:24:30,39.5,28.958331,77.682354,4.4,114.1,SEC_GZB_MTC,,68.74,3.26,245.26,-27.72,,CLEAR,LOW
OBS_00081,7:25:00,40,28.964535,77.687578,5,112.1,SEC_GZB_MTC,,69.67,2.33,244.33,-28.02,,CLEAR,LOW
OBS_00082,7:25:30,40.5,28.970877,77.692918,4.7,114.6,SEC_GZB_MTC,,70.63,1.37,243.37,-28.33,,CLEAR,LOW
OBS_00083,7:26:00,41,28.97708,77.698141,4.2,112.1,SEC_GZB_MTC,,71.56,0.44,242.44,-28.63,,CLEAR,LOW
OBS_00084,7:26:30,41.5,28.98,77.7006,4.7,0,,MTC,72,56,242,-28.5,ARRIVED,CLEAR,LOW
OBS_00085,7:27:00,42,28.98,77.7006,4.8,0,,MTC,72,56,242,-31,,CLEAR,LOW
OBS_00086,7:27:30,42.5,28.98,77.7006,4.7,0,,MTC,72,56,242,-30.5,,CLEAR,LOW
OBS_00087,7:28:00,43,28.98,77.7006,3.1,0,,MTC,72,56,242,-30,,CLEAR,LOW
OBS_00088,7:28:30,43.5,28.98,77.7006,3.5,0,,MTC,72,56,242,-29.5,,CLEAR,LOW
OBS_00089,7:29:00,44,28.98,77.7006,4.3,0,,MTC,72,56,242,-29,,CLEAR,LOW
OBS_00090,7:29:30,44.5,28.98,77.7006,3.4,0,,MTC,72,56,242,-28.5,DEPARTED,CLEAR,LOW
OBS_00091,7:30:00,45,28.987493,77.70072,6.8,102.2,SEC_MTC_MOZ,,72.85,55.15,241.15,-28.68,,CLEAR,LOW
OBS_00092,7:30:30,45.5,28.995187,77.700844,5.4,104.9,SEC_MTC_MOZ,,73.73,54.27,240.27,-28.89,,CLEAR,LOW
OBS_00093,7:31:00,46,29.00298,77.700968,6.4,106.3,SEC_MTC_MOZ,,74.61,53.39,239.39,-29.1,,CLEAR,LOW
OBS_00094,7:31:30,46.5,29.010499,77.701089,4.3,102.6,SEC_MTC_MOZ,,75.47,52.53,238.53,-29.29,,CLEAR,LOW
OBS_00095,7:32:00,47,29.018129,77.701211,5.3,104.1,SEC_MTC_MOZ,,76.33,51.67,237.67,-29.48,,CLEAR,LOW
OBS_00096,7:32:30,47.5,29.025776,77.701334,6.2,104.3,SEC_MTC_MOZ,,77.2,50.8,236.8,-29.68,,CLEAR,LOW
OBS_00097,7:33:00,48,29.033517,77.701458,7,105.6,SEC_MTC_MOZ,,78.08,49.92,235.92,-29.89,,CLEAR,LOW
OBS_00098,7:33:30,48.5,29.040995,77.701578,5.2,102,SEC_MTC_MOZ,,78.93,49.07,235.07,-30.07,,CLEAR,LOW
OBS_00099,7:34:00,49,29.048583,77.7017,6.6,103.5,SEC_MTC_MOZ,,79.8,48.2,234.2,-30.26,,CLEAR,LOW
OBS_00100,7:34:30,49.5,29.056129,77.701821,4.6,102.9,SEC_MTC_MOZ,,80.65,47.35,233.35,-30.45,,CLEAR,LOW
OBS_00101,7:35:00,50,29.063767,77.701943,5.3,104.2,SEC_MTC_MOZ,,81.52,46.48,232.48,-30.65,,CLEAR,LOW
OBS_00102,7:35:30,50.5,29.071327,77.702064,4.7,103.1,SEC_MTC_MOZ,,82.38,45.62,231.62,-30.84,,CLEAR,LOW
OBS_00103,7:36:00,51,29.079183,77.70219,5.3,107.2,SEC_MTC_MOZ,,83.27,44.73,230.73,-31.06,,CLEAR,LOW
OBS_00104,7:36:30,51.5,29.087011,77.702316,5.7,106.8,SEC_MTC_MOZ,,84.16,43.84,229.84,-31.27,,CLEAR,LOW
OBS_00105,7:37:00,52,29.094466,77.702435,7,101.7,SEC_MTC_MOZ,,85.01,42.99,228.99,-31.45,,CLEAR,LOW
OBS_00106,7:37:30,52.5,29.102283,77.702561,6.9,106.6,SEC_MTC_MOZ,,85.9,42.1,228.1,-31.67,,CLEAR,LOW
OBS_00107,7:38:00,53,29.11014,77.702687,6.5,107.2,SEC_MTC_MOZ,,86.79,41.21,227.21,-31.89,,CLEAR,LOW
OBS_00108,7:38:30,53.5,29.117649,77.702807,5.5,102.4,SEC_MTC_MOZ,,87.65,40.35,226.35,-32.07,,CLEAR,LOW
OBS_00109,7:39:00,54,29.125179,77.702928,5.2,102.7,SEC_MTC_MOZ,,88.5,39.5,225.5,-32.26,,CLEAR,LOW
OBS_00110,7:39:30,54.5,29.132638,77.703047,5.1,101.7,SEC_MTC_MOZ,,89.35,38.65,224.65,-32.44,,CLEAR,LOW
OBS_00111,7:40:00,55,29.140523,77.703174,4.8,107.5,SEC_MTC_MOZ,,90.24,37.76,223.76,-32.66,,CLEAR,LOW
OBS_00112,7:40:30,55.5,29.148315,77.703299,5.4,106.3,SEC_MTC_MOZ,,91.13,36.87,222.87,-32.87,,CLEAR,LOW
OBS_00113,7:41:00,56,29.155941,77.703421,6.9,104,SEC_MTC_MOZ,,92,36,222,-33.07,,CLEAR,LOW
OBS_00114,7:41:30,56.5,29.163831,77.703548,5.7,107.6,SEC_MTC_MOZ,,92.89,35.11,221.11,-33.29,,CLEAR,LOW
OBS_00115,7:42:00,57,29.171593,77.703672,4.5,105.9,SEC_MTC_MOZ,,93.78,34.22,220.22,-33.5,,CLEAR,LOW
OBS_00116,7:42:30,57.5,29.179161,77.703793,6.9,103.2,SEC_MTC_MOZ,,94.64,33.36,219.36,-33.69,,CLEAR,LOW
OBS_00117,7:43:00,58,29.18686,77.703917,5.6,105,SEC_MTC_MOZ,,95.51,32.49,218.49,-33.89,,CLEAR,LOW
OBS_00118,7:43:30,58.5,29.194635,77.704041,4.2,106.1,SEC_MTC_MOZ,,96.4,31.6,217.6,-34.1,,CLEAR,LOW
OBS_00119,7:44:00,59,29.202336,77.704165,5.5,105,SEC_MTC_MOZ,,97.27,30.73,216.73,-34.31,,CLEAR,LOW
OBS_00120,7:44:30,59.5,29.21016,77.70429,4.5,106.7,SEC_MTC_MOZ,,98.16,29.84,215.84,-34.52,,CLEAR,LOW
OBS_00121,7:45:00,60,29.218033,77.704417,4.2,107.4,SEC_MTC_MOZ,,99.05,28.95,214.95,-34.74,,CLEAR,LOW
OBS_00122,7:45:30,60.5,29.225551,77.704537,5.8,102.5,SEC_MTC_MOZ,,99.91,28.09,214.09,-34.93,,CLEAR,LOW
OBS_00123,7:46:00,61,29.233293,77.704661,4.7,105.6,SEC_MTC_MOZ,,100.79,27.21,213.21,-35.13,,CLEAR,LOW
OBS_00124,7:46:30,61.5,29.24078,77.704781,6.7,102.1,SEC_MTC_MOZ,,101.64,26.36,212.36,-35.32,,CLEAR,LOW
OBS_00125,7:47:00,62,29.248325,77.704902,5.8,102.9,SEC_MTC_MOZ,,102.5,25.5,211.5,-35.51,,CLEAR,LOW
OBS_00126,7:47:30,62.5,29.256042,77.705026,5.3,105.2,SEC_MTC_MOZ,,103.37,24.63,210.63,-35.71,,CLEAR,LOW
OBS_00127,7:48:00,63,29.263742,77.70515,5.6,105,SEC_MTC_MOZ,,104.25,23.75,209.75,-35.92,,CLEAR,LOW
OBS_00128,7:48:30,63.5,29.271604,77.705276,4.6,107.2,SEC_MTC_MOZ,,105.14,22.86,208.86,-36.13,,CLEAR,LOW
OBS_00129,7:49:00,64,29.279365,77.7054,4.7,105.9,SEC_MTC_MOZ,,106.03,21.97,207.97,-36.34,,CLEAR,LOW
OBS_00130,7:49:30,64.5,29.286979,77.705522,6,103.8,SEC_MTC_MOZ,,106.89,21.11,207.11,-36.54,,CLEAR,LOW
OBS_00131,7:50:00,65,29.294549,77.705644,4.9,103.2,SEC_MTC_MOZ,,107.75,20.25,206.25,-36.73,,CLEAR,LOW
OBS_00132,7:50:30,65.5,29.302326,77.705768,4.2,106.1,SEC_MTC_MOZ,,108.64,19.36,205.36,-36.94,,CLEAR,LOW
OBS_00133,7:51:00,66,29.309969,77.705891,7,104.2,SEC_MTC_MOZ,,109.5,18.5,204.5,-37.14,,CLEAR,LOW
OBS_00134,7:51:30,66.5,29.317859,77.706017,4.2,107.6,SEC_MTC_MOZ,,110.4,17.6,203.6,-37.36,,CLEAR,LOW
OBS_00135,7:52:00,67,29.325389,77.706138,4.8,102.7,SEC_MTC_MOZ,,111.26,16.74,202.74,-37.55,,CLEAR,LOW
OBS_00136,7:52:30,67.5,29.333249,77.706264,6.6,107.2,SEC_MTC_MOZ,,112.15,15.85,201.85,-37.76,,CLEAR,LOW
OBS_00137,7:53:00,68,29.341086,77.70639,5.1,106.9,SEC_MTC_MOZ,,113.04,14.96,200.96,-37.98,,CLEAR,LOW
OBS_00138,7:53:30,68.5,29.34859,77.70651,6.5,102.4,SEC_MTC_MOZ,,113.89,14.11,200.11,-38.16,,CLEAR,LOW
OBS_00139,7:54:00,69,29.356345,77.706634,5.8,105.8,SEC_MTC_MOZ,,114.78,13.22,199.22,-38.37,,CLEAR,LOW
OBS_00140,7:54:30,69.5,29.364231,77.706761,6,107.6,SEC_MTC_MOZ,,115.67,12.33,198.33,-38.59,,CLEAR,LOW
OBS_00141,7:55:00,70,29.371667,77.70688,6.5,101.4,SEC_MTC_MOZ,,116.52,11.48,197.48,-38.77,,CLEAR,LOW
OBS_00142,7:55:30,70.5,29.379236,77.707001,6,103.2,SEC_MTC_MOZ,,117.38,10.62,196.62,-38.96,,CLEAR,LOW
OBS_00143,7:56:00,71,29.3871,77.707127,4.4,107.3,SEC_MTC_MOZ,,118.27,9.73,195.73,-39.18,,CLEAR,LOW
OBS_00144,7:56:30,71.5,29.394585,77.707247,4.3,102.1,SEC_MTC_MOZ,,119.12,8.88,194.88,-39.37,,CLEAR,LOW
OBS_00145,7:57:00,72,29.402271,77.707371,4.8,104.8,SEC_MTC_MOZ,,120,8,194,-39.57,,CLEAR,LOW
OBS_00146,7:57:30,72.5,29.409981,77.707494,6.2,105.2,SEC_MTC_MOZ,,120.87,7.13,193.13,-39.77,,CLEAR,LOW
OBS_00147,7:58:00,73,29.417507,77.707615,5.9,102.6,SEC_MTC_MOZ,,121.73,6.27,192.27,-39.96,,CLEAR,LOW
OBS_00148,7:58:30,73.5,29.42506,77.707736,5.5,103,SEC_MTC_MOZ,,122.59,5.41,191.41,-40.15,,CLEAR,LOW
OBS_00149,7:59:00,74,29.432908,77.707862,6.5,107,SEC_MTC_MOZ,,123.48,4.52,190.52,-40.37,,CLEAR,LOW
OBS_00150,7:59:30,74.5,29.440382,77.707982,5.3,101.9,SEC_MTC_MOZ,,124.33,3.67,189.67,-40.55,,CLEAR,LOW
OBS_00151,8:00:00,75,29.447941,77.708103,4,103.1,SEC_MTC_MOZ,,125.19,2.81,188.81,-40.74,,CLEAR,LOW
OBS_00152,8:00:30,75.5,29.455728,77.708228,5.9,106.2,SEC_MTC_MOZ,,126.07,1.93,187.93,-40.95,,CLEAR,LOW
OBS_00153,8:01:00,76,29.46328,77.708349,6.2,103,SEC_MTC_MOZ,,126.93,1.07,187.07,-41.14,,CLEAR,LOW
OBS_00154,8:01:30,76.5,29.470966,77.708472,5.3,104.8,SEC_MTC_MOZ,,127.8,0.2,186.2,-41.34,,CLEAR,LOW
OBS_00155,8:02:00,77,29.4727,77.7085,4.2,0,,MOZ,128,59,186,-41,ARRIVED,CLEAR,LOW
OBS_00156,8:02:30,77.5,29.4727,77.7085,4.8,0,,MOZ,128,59,186,-42.5,,CLEAR,LOW
OBS_00157,8:03:00,78,29.4727,77.7085,4.8,0,,MOZ,128,59,186,-42,,CLEAR,LOW
OBS_00158,8:03:30,78.5,29.4727,77.7085,4.1,0,,MOZ,128,59,186,-41.5,,CLEAR,LOW
OBS_00159,8:04:00,79,29.4727,77.7085,4.7,0,,MOZ,128,59,186,-41,DEPARTED,CLEAR,LOW
OBS_00160,8:04:30,79.5,29.479325,77.706309,4.4,95.5,SEC_MOZ_SRE,,128.8,58.2,185.2,-41.2,,CLEAR,LOW
OBS_00161,8:05:00,80,29.48577,77.704177,4.9,92.9,SEC_MOZ_SRE,,129.57,57.43,184.43,-41.38,,CLEAR,LOW
OBS_00162,8:05:30,80.5,29.49252,77.701944,6.4,97.3,SEC_MOZ_SRE,,130.38,56.62,183.62,-41.6,,CLEAR,LOW
OBS_00163,8:06:00,81,29.499255,77.699717,6.7,97.1,SEC_MOZ_SRE,,131.19,55.81,182.81,-41.81,,CLEAR,LOW
OBS_00164,8:06:30,81.5,29.505733,77.697574,4.7,93.3,SEC_MOZ_SRE,,131.97,55.03,182.03,-42,,CLEAR,LOW
OBS_00165,8:07:00,82,29.512168,77.695446,6.3,92.7,SEC_MOZ_SRE,,132.74,54.26,181.26,-42.18,,CLEAR,LOW
OBS_00166,8:07:30,82.5,29.518912,77.693215,5.2,97.2,SEC_MOZ_SRE,,133.55,53.45,180.45,-42.39,,CLEAR,LOW
OBS_00167,8:08:00,83,29.525552,77.691019,4.5,95.7,SEC_MOZ_SRE,,134.35,52.65,179.65,-42.59,,CLEAR,LOW
OBS_00168,8:08:30,83.5,29.532314,77.688782,6.6,97.5,SEC_MOZ_SRE,,135.16,51.84,178.84,-42.81,,CLEAR,LOW
OBS_00169,8:09:00,84,29.539095,77.686539,6.4,97.7,SEC_MOZ_SRE,,135.97,51.03,178.03,-43.03,,CLEAR,LOW
OBS_00170,8:09:30,84.5,29.545838,77.684309,4.1,97.2,SEC_MOZ_SRE,,136.78,50.22,177.22,-43.24,,CLEAR,LOW
OBS_00171,8:10:00,85,29.552524,77.682098,5,96.3,SEC_MOZ_SRE,,137.59,49.41,176.41,-43.45,,CLEAR,LOW
OBS_00172,8:10:30,85.5,29.559287,77.679861,6.4,97.5,SEC_MOZ_SRE,,138.4,48.6,175.6,-43.66,,CLEAR,LOW
OBS_00173,8:11:00,86,29.566023,77.677633,6.4,97.1,SEC_MOZ_SRE,,139.21,47.79,174.79,-43.88,,CLEAR,LOW
OBS_00174,8:11:30,86.5,29.572523,77.675483,6.4,93.7,SEC_MOZ_SRE,,139.99,47.01,174.01,-44.07,,CLEAR,LOW
OBS_00175,8:12:00,87,29.57896,77.673354,6.6,92.8,SEC_MOZ_SRE,,140.76,46.24,173.24,-44.25,,CLEAR,LOW
OBS_00176,8:12:30,87.5,29.585695,77.671126,4.7,97,SEC_MOZ_SRE,,141.57,45.43,172.43,-44.46,,CLEAR,LOW
OBS_00177,8:13:00,88,29.592412,77.668905,5.4,96.8,SEC_MOZ_SRE,,142.38,44.62,171.62,-44.67,,CLEAR,LOW
OBS_00178,8:13:30,88.5,29.598927,77.66675,6.4,93.9,SEC_MOZ_SRE,,143.16,43.84,170.84,-44.86,,CLEAR,LOW
OBS_00179,8:14:00,89,29.605412,77.664605,4.1,93.4,SEC_MOZ_SRE,,143.94,43.06,170.06,-45.05,,CLEAR,LOW
OBS_00180,8:14:30,89.5,29.611883,77.662465,5,93.3,SEC_MOZ_SRE,,144.71,42.29,169.29,-45.23,,CLEAR,LOW
OBS_00181,8:15:00,90,29.618619,77.660236,6.9,97.1,SEC_MOZ_SRE,,145.52,41.48,168.48,-45.44,,CLEAR,LOW
OBS_00182,8:15:30,90.5,29.625124,77.658085,5.9,93.7,SEC_MOZ_SRE,,146.3,40.7,167.7,-45.63,,CLEAR,LOW
OBS_00183,8:16:00,91,29.631677,77.655918,6.9,94.4,SEC_MOZ_SRE,,147.09,39.91,166.91,-45.83,,CLEAR,LOW
OBS_00184,8:16:30,91.5,29.638283,77.653732,6.8,95.2,SEC_MOZ_SRE,,147.88,39.12,166.12,-46.03,,CLEAR,LOW
OBS_00185,8:17:00,92,29.644724,77.651602,6.9,92.8,SEC_MOZ_SRE,,148.66,38.34,165.34,-46.21,,CLEAR,LOW
OBS_00186,8:17:30,92.5,29.651189,77.649464,6.9,93.2,SEC_MOZ_SRE,,149.43,37.57,164.57,-46.39,,CLEAR,LOW
OBS_00187,8:18:00,93,29.657688,77.647314,4.3,93.7,SEC_MOZ_SRE,,150.22,36.78,163.78,-46.58,,CLEAR,LOW
OBS_00188,8:18:30,93.5,29.664255,77.645142,6.2,94.6,SEC_MOZ_SRE,,151,36,163,-46.77,,CLEAR,LOW
OBS_00189,8:19:00,94,29.670773,77.642986,5.8,93.9,SEC_MOZ_SRE,,151.79,35.21,162.21,-46.96,,CLEAR,LOW
OBS_00190,8:19:30,94.5,29.67737,77.640804,5.2,95.1,SEC_MOZ_SRE,,152.58,34.42,161.42,-47.16,,CLEAR,LOW
OBS_00191,8:20:00,95,29.683993,77.638614,4.8,95.4,SEC_MOZ_SRE,,153.37,33.63,160.63,-47.36,,CLEAR,LOW
OBS_00192,8:20:30,95.5,29.690668,77.636406,4,96.2,SEC_MOZ_SRE,,154.18,32.82,159.82,-47.57,,CLEAR,LOW
OBS_00193,8:21:00,96,29.697428,77.63417,5.6,97.4,SEC_MOZ_SRE,,154.99,32.01,159.01,-47.79,,CLEAR,LOW
OBS_00194,8:21:30,96.5,29.704107,77.631961,6.2,96.3,SEC_MOZ_SRE,,155.79,31.21,158.21,-47.99,,CLEAR,LOW
OBS_00195,8:22:00,97,29.710767,77.629758,5.1,96,SEC_MOZ_SRE,,156.59,30.41,157.41,-48.2,,CLEAR,LOW
OBS_00196,8:22:30,97.5,29.717189,77.627634,6,92.5,SEC_MOZ_SRE,,157.36,29.64,156.64,-48.38,,CLEAR,LOW
OBS_00197,8:23:00,98,29.723715,77.625476,4.9,94,SEC_MOZ_SRE,,158.14,28.86,155.86,-48.57,,CLEAR,LOW
OBS_00198,8:23:30,98.5,29.730444,77.62325,6.2,97,SEC_MOZ_SRE,,158.95,28.05,155.05,-48.78,,CLEAR,LOW
OBS_00199,8:24:00,99,29.736958,77.621095,4.9,93.9,SEC_MOZ_SRE,,159.73,27.27,154.27,-48.97,,CLEAR,LOW
OBS_00200,8:24:30,99.5,29.743514,77.618927,5.2,94.5,SEC_MOZ_SRE,,160.52,26.48,153.48,-49.16,,CLEAR,LOW
OBS_00201,8:25:00,100,29.750025,77.616773,4.4,93.8,SEC_MOZ_SRE,,161.3,25.7,152.7,-49.35,,CLEAR,LOW
OBS_00202,8:25:30,100.5,29.756586,77.614603,6.8,94.5,SEC_MOZ_SRE,,162.09,24.91,151.91,-49.55,,CLEAR,LOW
OBS_00203,8:26:00,101,29.763249,77.6124,6.7,96,SEC_MOZ_SRE,,162.89,24.11,151.11,-49.75,,CLEAR,LOW
OBS_00204,8:26:30,101.5,29.769887,77.610204,4.9,95.7,SEC_MOZ_SRE,,163.69,23.31,150.31,-49.95,,CLEAR,LOW
OBS_00205,8:27:00,102,29.776498,77.608017,4,95.3,SEC_MOZ_SRE,,164.48,22.52,149.52,-50.15,,CLEAR,LOW
OBS_00206,8:27:30,102.5,29.783006,77.605865,5.3,93.8,SEC_MOZ_SRE,,165.26,21.74,148.74,-50.34,,CLEAR,LOW
OBS_00207,8:28:00,103,29.78963,77.603674,6,95.5,SEC_MOZ_SRE,,166.06,20.94,147.94,-50.54,,CLEAR,LOW
OBS_00208,8:28:30,103.5,29.796208,77.601498,5.3,94.8,SEC_MOZ_SRE,,166.85,20.15,147.15,-50.74,,CLEAR,LOW
OBS_00209,8:29:00,104,29.802687,77.599355,5.4,93.4,SEC_MOZ_SRE,,167.63,19.37,146.37,-50.93,,CLEAR,LOW
OBS_00210,8:29:30,104.5,29.809438,77.597122,6.4,97.3,SEC_MOZ_SRE,,168.44,18.56,145.56,-51.14,,CLEAR,LOW
OBS_00211,8:30:00,105,29.8159,77.594985,4.3,93.1,SEC_MOZ_SRE,,169.21,17.79,144.79,-51.32,,CLEAR,LOW
OBS_00212,8:30:30,105.5,29.822498,77.592802,5.9,95.1,SEC_MOZ_SRE,,170.01,16.99,143.99,-51.52,,CLEAR,LOW
OBS_00213,8:31:00,106,29.829025,77.590644,6.5,94.1,SEC_MOZ_SRE,,170.79,16.21,143.21,-51.71,,CLEAR,LOW
OBS_00214,8:31:30,106.5,29.835717,77.58843,6,96.4,SEC_MOZ_SRE,,171.59,15.41,142.41,-51.92,,CLEAR,LOW
OBS_00215,8:32:00,107,29.842201,77.586286,4.6,93.4,SEC_MOZ_SRE,,172.37,14.63,141.63,-52.11,,CLEAR,LOW
OBS_00216,8:32:30,107.5,29.848605,77.584168,4.7,92.3,SEC_MOZ_SRE,,173.14,13.86,140.86,-52.29,,CLEAR,LOW
OBS_00217,8:33:00,108,29.855187,77.58199,6.5,94.9,SEC_MOZ_SRE,,173.93,13.07,140.07,-52.48,,CLEAR,LOW
OBS_00218,8:33:30,108.5,29.861611,77.579866,5.2,92.6,SEC_MOZ_SRE,,174.7,12.3,139.3,-52.66,,CLEAR,LOW
OBS_00219,8:34:00,109,29.868254,77.577668,4.6,95.7,SEC_MOZ_SRE,,175.5,11.5,138.5,-52.87,,CLEAR,LOW
OBS_00220,8:34:30,109.5,29.874924,77.575462,5.5,96.1,SEC_MOZ_SRE,,176.3,10.7,137.7,-53.07,,CLEAR,LOW
OBS_00221,8:35:00,110,29.881415,77.573315,6,93.5,SEC_MOZ_SRE,,177.08,9.92,136.92,-53.26,,CLEAR,LOW
OBS_00222,8:35:30,110.5,29.887812,77.5712,6.3,92.2,SEC_MOZ_SRE,,177.85,9.15,136.15,-53.44,,CLEAR,LOW
OBS_00223,8:36:00,111,29.894511,77.568984,4.3,96.5,SEC_MOZ_SRE,,178.66,8.34,135.34,-53.65,,CLEAR,LOW
OBS_00224,8:36:30,111.5,29.901074,77.566813,4.5,94.6,SEC_MOZ_SRE,,179.44,7.56,134.56,-53.84,,CLEAR,LOW
OBS_00225,8:37:00,112,29.907847,77.564573,5.6,97.6,SEC_MOZ_SRE,,180.26,6.74,133.74,-54.06,,CLEAR,LOW
OBS_00226,8:37:30,112.5,29.914262,77.562451,4.7,92.4,SEC_MOZ_SRE,,181.03,5.97,132.97,-54.24,,CLEAR,LOW
OBS_00227,8:38:00,113,29.920992,77.560225,5.4,97,SEC_MOZ_SRE,,181.84,5.16,132.16,-54.45,,CLEAR,LOW
OBS_00228,8:38:30,113.5,29.927703,77.558005,6,96.7,SEC_MOZ_SRE,,182.64,4.36,131.36,-54.66,,CLEAR,LOW
OBS_00229,8:39:00,114,29.934488,77.555761,5.8,97.8,SEC_MOZ_SRE,,183.46,3.54,130.54,-54.88,,CLEAR,LOW
OBS_00230,8:39:30,114.5,29.941259,77.553522,6.7,97.6,SEC_MOZ_SRE,,184.27,2.73,129.73,-55.09,,CLEAR,LOW
OBS_00231,8:40:00,115,29.947896,77.551327,6.2,95.6,SEC_MOZ_SRE,,185.07,1.93,128.93,-55.3,,CLEAR,LOW
OBS_00232,8:40:30,115.5,29.95449,77.549146,6.5,95,SEC_MOZ_SRE,,185.86,1.14,128.14,-55.49,,CLEAR,LOW
OBS_00233,8:41:00,116,29.961101,77.546959,6.7,95.3,SEC_MOZ_SRE,,186.65,0.35,127.35,-55.69,,CLEAR,LOW
OBS_00234,8:41:30,116.5,29.964,77.546,5.4,0,,SRE,187,34,127,-55.5,ARRIVED,CLEAR,LOW
OBS_00235,8:42:00,117,29.964,77.546,3.5,0,,SRE,187,34,127,-65,,CLEAR,LOW
OBS_00236,8:42:30,117.5,29.964,77.546,3.5,0,,SRE,187,34,127,-64.5,,CLEAR,LOW
OBS_00237,8:43:00,118,29.964,77.546,4.3,0,,SRE,187,34,127,-64,,CLEAR,LOW
OBS_00238,8:43:30,118.5,29.964,77.546,4.5,0,,SRE,187,34,127,-63.5,,CLEAR,LOW
OBS_00239,8:44:00,119,29.964,77.546,4,0,,SRE,187,34,127,-63,,CLEAR,LOW
OBS_00240,8:44:30,119.5,29.964,77.546,4.3,0,,SRE,187,34,127,-62.5,,CLEAR,LOW
OBS_00241,8:45:00,120,29.964,77.546,3.5,0,,SRE,187,34,127,-62,,CLEAR,LOW
OBS_00242,8:45:30,120.5,29.964,77.546,3.2,0,,SRE,187,34,127,-61.5,,CLEAR,LOW
OBS_00243,8:46:00,121,29.964,77.546,3.6,0,,SRE,187,34,127,-61,,CLEAR,LOW
OBS_00244,8:46:30,121.5,29.964,77.546,3.5,0,,SRE,187,34,127,-60.5,,CLEAR,LOW
OBS_00245,8:47:00,122,29.964,77.546,3.6,0,,SRE,187,34,127,-60,,CLEAR,LOW
OBS_00246,8:47:30,122.5,29.964,77.546,4.1,0,,SRE,187,34,127,-59.5,,CLEAR,LOW
OBS_00247,8:48:00,123,29.964,77.546,3.3,0,,SRE,187,34,127,-59,,CLEAR,LOW
OBS_00248,8:48:30,123.5,29.964,77.546,3.5,0,,SRE,187,34,127,-58.5,,CLEAR,LOW
OBS_00249,8:49:00,124,29.964,77.546,4.4,0,,SRE,187,34,127,-58,,CLEAR,LOW
OBS_00250,8:49:30,124.5,29.964,77.546,4.4,0,,SRE,187,34,127,-57.5,,CLEAR,LOW
OBS_00251,8:50:00,125,29.964,77.546,3.1,0,,SRE,187,34,127,-57,,CLEAR,LOW
OBS_00252,8:50:30,125.5,29.964,77.546,3.8,0,,SRE,187,34,127,-56.5,,CLEAR,LOW
OBS_00253,8:51:00,126,29.964,77.546,4.1,0,,SRE,187,34,127,-56,,CLEAR,LOW
OBS_00254,8:51:30,126.5,29.964,77.546,3.8,0,,SRE,187,34,127,-55.5,DEPARTED,CLEAR,LOW
OBS_00255,8:52:00,127,29.961491,77.553823,5.3,93.3,SEC_SRE_RK,,187.78,33.22,126.22,-55.73,,CLEAR,LOW
OBS_00256,8:52:30,127.5,29.958874,77.56198,5.8,97.3,SEC_SRE_RK,,188.59,32.41,125.41,-56,,CLEAR,LOW
OBS_00257,8:53:00,128,29.95629,77.570036,6.6,96.1,SEC_SRE_RK,,189.39,31.61,124.61,-56.25,,CLEAR,LOW
OBS_00258,8:53:30,128.5,29.953695,77.578127,5.1,96.5,SEC_SRE_RK,,190.19,30.81,123.81,-56.51,,CLEAR,LOW
OBS_00259,8:54:00,129,29.951216,77.585854,5.1,92.2,SEC_SRE_RK,,190.96,30.04,123.04,-56.73,,CLEAR,LOW
OBS_00260,8:54:30,129.5,29.948623,77.593938,6.6,96.4,SEC_SRE_RK,,191.77,29.23,122.23,-56.99,,CLEAR,LOW
OBS_00261,8:55:00,130,29.946,77.602118,5.3,97.6,SEC_SRE_RK,,192.58,28.42,121.42,-57.25,,CLEAR,LOW
OBS_00262,8:55:30,130.5,29.943407,77.610199,5.6,96.4,SEC_SRE_RK,,193.38,27.62,120.62,-57.51,,CLEAR,LOW
OBS_00263,8:56:00,131,29.940837,77.618212,4.7,95.6,SEC_SRE_RK,,194.18,26.82,119.82,-57.76,,CLEAR,LOW
OBS_00264,8:56:30,131.5,29.938326,77.626041,5.3,93.4,SEC_SRE_RK,,194.96,26.04,119.04,-57.99,,CLEAR,LOW
OBS_00265,8:57:00,132,29.935844,77.633779,5,92.3,SEC_SRE_RK,,195.73,25.27,118.27,-58.21,,CLEAR,LOW
OBS_00266,8:57:30,132.5,29.933262,77.641828,5.2,96,SEC_SRE_RK,,196.53,24.47,117.47,-58.47,,CLEAR,LOW
OBS_00267,8:58:00,133,29.930759,77.649631,5.4,93.1,SEC_SRE_RK,,197.3,23.7,116.7,-58.7,,CLEAR,LOW
OBS_00268,8:58:30,133.5,29.928262,77.657417,5.9,92.9,SEC_SRE_RK,,198.08,22.92,115.92,-58.92,,CLEAR,LOW
OBS_00269,8:59:00,134,29.92578,77.665154,5.2,92.3,SEC_SRE_RK,,198.85,22.15,115.15,-59.15,,CLEAR,LOW
OBS_00270,8:59:30,134.5,29.923216,77.673148,4.1,95.4,SEC_SRE_RK,,199.64,21.36,114.36,-59.4,,CLEAR,LOW
OBS_00271,9:00:00,135,29.92064,77.681179,4.4,95.8,SEC_SRE_RK,,200.44,20.56,113.56,-59.65,,CLEAR,LOW
OBS_00272,9:00:30,135.5,29.918091,77.689124,4.2,94.8,SEC_SRE_RK,,201.23,19.77,112.77,-59.89,,CLEAR,LOW
OBS_00273,9:01:00,136,29.915556,77.69703,4.6,94.3,SEC_SRE_RK,,202.01,18.99,111.99,-60.13,,CLEAR,LOW
OBS_00274,9:01:30,136.5,29.913028,77.70491,6.3,94,SEC_SRE_RK,,202.8,18.2,111.2,-60.37,,CLEAR,LOW
OBS_00275,9:02:00,137,29.910492,77.712816,6.3,94.3,SEC_SRE_RK,,203.58,17.42,110.42,-60.61,,CLEAR,LOW
OBS_00276,9:02:30,137.5,29.907887,77.720938,4.8,96.9,SEC_SRE_RK,,204.39,16.61,109.61,-60.87,,CLEAR,LOW
OBS_00277,9:03:00,138,29.905397,77.728701,4.1,92.6,SEC_SRE_RK,,205.16,15.84,108.84,-61.09,,CLEAR,LOW
OBS_00278,9:03:30,138.5,29.902836,77.736683,7,95.2,SEC_SRE_RK,,205.96,15.04,108.04,-61.34,,CLEAR,LOW
OBS_00279,9:04:00,139,29.900305,77.744575,6,94.1,SEC_SRE_RK,,206.74,14.26,107.26,-61.58,,CLEAR,LOW
OBS_00280,9:04:30,139.5,29.897708,77.752672,6,96.6,SEC_SRE_RK,,207.55,13.45,106.45,-61.84,,CLEAR,LOW
OBS_00281,9:05:00,140,29.895114,77.760757,6.8,96.4,SEC_SRE_RK,,208.35,12.65,105.65,-62.09,,CLEAR,LOW
OBS_00282,9:05:30,140.5,29.892606,77.768577,4.1,93.3,SEC_SRE_RK,,209.13,11.87,104.87,-62.33,,CLEAR,LOW
OBS_00283,9:06:00,141,29.890105,77.776374,4.4,93,SEC_SRE_RK,,209.9,11.1,104.1,-62.56,,CLEAR,LOW
OBS_00284,9:06:30,141.5,29.887525,77.784418,5.7,96,SEC_SRE_RK,,210.7,10.3,103.3,-62.81,,CLEAR,LOW
OBS_00285,9:07:00,142,29.885014,77.792246,6.1,93.4,SEC_SRE_RK,,211.48,9.52,102.52,-63.04,,CLEAR,LOW
OBS_00286,9:07:30,142.5,29.882419,77.800337,4.5,96.5,SEC_SRE_RK,,212.28,8.72,101.72,-63.3,,CLEAR,LOW
OBS_00287,9:08:00,143,29.879848,77.808352,6.2,95.6,SEC_SRE_RK,,213.08,7.92,100.92,-63.55,,CLEAR,LOW
OBS_00288,9:08:30,143.5,29.877353,77.816131,6.5,92.8,SEC_SRE_RK,,213.86,7.14,100.14,-63.78,,CLEAR,LOW
OBS_00289,9:09:00,144,29.874727,77.824316,4.3,97.6,SEC_SRE_RK,,214.67,6.33,99.33,-64.04,,CLEAR,LOW
OBS_00290,9:09:30,144.5,29.872246,77.832053,4.9,92.3,SEC_SRE_RK,,215.44,5.56,98.56,-64.27,,CLEAR,LOW
OBS_00291,9:10:00,145,29.869664,77.840101,6.9,96,SEC_SRE_RK,,216.24,4.76,97.76,-64.52,,CLEAR,LOW
OBS_00292,9:10:30,145.5,29.867126,77.848015,6.1,94.4,SEC_SRE_RK,,217.02,3.98,96.98,-64.76,,CLEAR,LOW
OBS_00293,9:11:00,146,29.864636,77.855775,6.1,92.6,SEC_SRE_RK,,217.8,3.2,96.2,-64.98,,CLEAR,LOW
OBS_00294,9:11:30,146.5,29.862063,77.863799,4.3,95.7,SEC_SRE_RK,,218.59,2.41,95.41,-65.24,,CLEAR,LOW
OBS_00295,9:12:00,147,29.859467,77.871893,6.6,96.6,SEC_SRE_RK,,219.4,1.6,94.6,-65.49,,CLEAR,LOW
OBS_00296,9:12:30,147.5,29.856897,77.879904,4.4,95.6,SEC_SRE_RK,,220.2,0.8,93.8,-65.74,,CLEAR,LOW
OBS_00297,9:13:00,148,29.8543,77.888,6.3,0,,RK,221,42,93,-66,ARRIVED,CLEAR,LOW
OBS_00298,9:13:30,148.5,29.8543,77.888,3.7,0,,RK,221,42,93,-67.5,,CLEAR,LOW
OBS_00299,9:14:00,149,29.8543,77.888,3.9,0,,RK,221,42,93,-67,,CLEAR,LOW
OBS_00300,9:14:30,149.5,29.8543,77.888,3.7,0,,RK,221,42,93,-66.5,,CLEAR,LOW
OBS_00301,9:15:00,150,29.8543,77.888,4,0,,RK,221,42,93,-66,DEPARTED,CLEAR,LOW
OBS_00302,9:15:30,150.5,29.855665,77.891894,6.5,75.3,SEC_RK_HW,,221.63,41.37,92.37,-66.17,,CLEAR,LOW
OBS_00303,9:16:00,151,29.85707,77.895901,4.3,77.5,SEC_RK_HW,,222.27,40.73,91.73,-66.36,,CLEAR,LOW
OBS_00304,9:16:30,151.5,29.858486,77.899941,5.9,78.1,SEC_RK_HW,,222.92,40.08,91.08,-66.56,,CLEAR,LOW
OBS_00305,9:17:00,152,29.859892,77.90395,6.1,77.5,SEC_RK_HW,,223.57,39.43,90.43,-66.75,,CLEAR,LOW
OBS_00306,9:17:30,152.5,29.861265,77.907866,6.2,75.7,SEC_RK_HW,,224.2,38.8,89.8,-66.93,,CLEAR,LOW
OBS_00307,9:18:00,153,29.862681,77.911907,4.8,78.1,SEC_RK_HW,,224.85,38.15,89.15,-67.13,,CLEAR,LOW
OBS_00308,9:18:30,153.5,29.864085,77.91591,5.6,77.4,SEC_RK_HW,,225.5,37.5,88.5,-67.32,,CLEAR,LOW
OBS_00309,9:19:00,154,29.865462,77.919838,5.3,75.9,SEC_RK_HW,,226.13,36.87,87.87,-67.5,,CLEAR,LOW
OBS_00310,9:19:30,154.5,29.866859,77.923823,4.8,77.1,SEC_RK_HW,,226.77,36.23,87.23,-67.68,,CLEAR,LOW
OBS_00311,9:20:00,155,29.868267,77.927838,6.5,77.6,SEC_RK_HW,,227.42,35.58,86.58,-67.88,,CLEAR,LOW
OBS_00312,9:20:30,155.5,29.869611,77.931671,6.6,74.1,SEC_RK_HW,,228.04,34.96,85.96,-68.04,,CLEAR,LOW
OBS_00313,9:21:00,156,29.870968,77.935542,5.4,74.8,SEC_RK_HW,,228.66,34.34,85.34,-68.21,,CLEAR,LOW
OBS_00314,9:21:30,156.5,29.872355,77.939499,5.1,76.5,SEC_RK_HW,,229.3,33.7,84.7,-68.39,,CLEAR,LOW
OBS_00315,9:22:00,157,29.873695,77.943319,6.6,73.9,SEC_RK_HW,,229.91,33.09,84.09,-68.55,,CLEAR,LOW
OBS_00316,9:22:30,157.5,29.875047,77.947175,4.6,74.5,SEC_RK_HW,,230.53,32.47,83.47,-68.71,,CLEAR,LOW
OBS_00317,9:23:00,158,29.876449,77.951177,5,77.4,SEC_RK_HW,,231.18,31.82,82.82,-68.91,,CLEAR,LOW
OBS_00318,9:23:30,158.5,29.877859,77.955198,6.1,77.7,SEC_RK_HW,,231.83,31.17,82.17,-69.1,,CLEAR,LOW
OBS_00319,9:24:00,159,29.879219,77.959076,4,75,SEC_RK_HW,,232.45,30.55,81.55,-69.27,,CLEAR,LOW
OBS_00320,9:24:30,159.5,29.880634,77.963113,4.3,78,SEC_RK_HW,,233.1,29.9,80.9,-69.47,,CLEAR,LOW
OBS_00321,9:25:00,160,29.882031,77.967096,5.5,77,SEC_RK_HW,,233.74,29.26,80.26,-69.65,,CLEAR,LOW
OBS_00322,9:25:30,160.5,29.88343,77.971088,6.1,77.2,SEC_RK_HW,,234.39,28.61,79.61,-69.84,,CLEAR,LOW
OBS_00323,9:26:00,161,29.884821,77.975054,5.5,76.7,SEC_RK_HW,,235.02,27.98,78.98,-70.03,,CLEAR,LOW
OBS_00324,9:26:30,161.5,29.886223,77.979054,4.3,77.3,SEC_RK_HW,,235.67,27.33,78.33,-70.22,,CLEAR,LOW
OBS_00325,9:27:00,162,29.887578,77.98292,6.1,74.7,SEC_RK_HW,,236.29,26.71,77.71,-70.38,,CLEAR,LOW
OBS_00326,9:27:30,162.5,29.888941,77.986805,5.7,75.1,SEC_RK_HW,,236.92,26.08,77.08,-70.55,,CLEAR,LOW
OBS_00327,9:28:00,163,29.890317,77.99073,5.6,75.9,SEC_RK_HW,,237.55,25.45,76.45,-70.73,,CLEAR,LOW
OBS_00328,9:28:30,163.5,29.891689,77.994644,6.2,75.7,SEC_RK_HW,,238.18,24.82,75.82,-70.91,,CLEAR,LOW
OBS_00329,9:29:00,164,29.893053,77.998535,6.1,75.2,SEC_RK_HW,,238.81,24.19,75.19,-71.08,,CLEAR,LOW
OBS_00330,9:29:30,164.5,29.894412,78.002412,4.8,75,SEC_RK_HW,,239.43,23.57,74.57,-71.25,,CLEAR,LOW
OBS_00331,9:30:00,165,29.895759,78.006254,4.6,74.3,SEC_RK_HW,,240.05,22.95,73.95,-71.41,,CLEAR,LOW
OBS_00332,9:30:30,165.5,29.897106,78.010095,5.6,74.3,SEC_RK_HW,,240.67,22.33,73.33,-71.58,,CLEAR,LOW
OBS_00333,9:31:00,166,29.898506,78.014088,4.6,77.2,SEC_RK_HW,,241.31,21.69,72.69,-71.76,,CLEAR,LOW
OBS_00334,9:31:30,166.5,29.899861,78.017953,5.5,74.7,SEC_RK_HW,,241.94,21.06,72.06,-71.93,,CLEAR,LOW
OBS_00335,9:32:00,167,29.901257,78.021937,6.9,77,SEC_RK_HW,,242.58,20.42,71.42,-72.12,,CLEAR,LOW
OBS_00336,9:32:30,167.5,29.902638,78.025874,4.8,76.1,SEC_RK_HW,,243.21,19.79,70.79,-72.3,,CLEAR,LOW
OBS_00337,9:33:00,168,29.903983,78.029711,4.6,74.2,SEC_RK_HW,,243.83,19.17,70.17,-72.46,,CLEAR,LOW
OBS_00338,9:33:30,168.5,29.905339,78.033578,4.5,74.8,SEC_RK_HW,,244.45,18.55,69.55,-72.63,,CLEAR,LOW
OBS_00339,9:34:00,169,29.906677,78.037394,5.6,73.8,SEC_RK_HW,,245.07,17.93,68.93,-72.79,,CLEAR,LOW
OBS_00340,9:34:30,169.5,29.908036,78.041272,6.9,75,SEC_RK_HW,,245.69,17.31,68.31,-72.96,,CLEAR,LOW
OBS_00341,9:35:00,170,29.909419,78.045216,6.1,76.2,SEC_RK_HW,,246.33,16.67,67.67,-73.14,,CLEAR,LOW
OBS_00342,9:35:30,170.5,29.910766,78.049059,6.6,74.3,SEC_RK_HW,,246.95,16.05,67.05,-73.3,,CLEAR,LOW
OBS_00343,9:36:00,171,29.912144,78.052988,6.6,76,SEC_RK_HW,,247.58,15.42,66.42,-73.48,,CLEAR,LOW
OBS_00344,9:36:30,171.5,29.913528,78.056937,5.4,76.3,SEC_RK_HW,,248.22,14.78,65.78,-73.66,,CLEAR,LOW
OBS_00345,9:37:00,172,29.914902,78.060854,4.6,75.7,SEC_RK_HW,,248.85,14.15,65.15,-73.84,,CLEAR,LOW
OBS_00346,9:37:30,172.5,29.916243,78.064679,6.8,74,SEC_RK_HW,,249.46,13.54,64.54,-74,,CLEAR,LOW
OBS_00347,9:38:00,173,29.917619,78.068605,6.5,75.9,SEC_RK_HW,,250.1,12.9,63.9,-74.17,,CLEAR,LOW
OBS_00348,9:38:30,173.5,29.918989,78.072513,4.2,75.5,SEC_RK_HW,,250.73,12.27,63.27,-74.35,,CLEAR,LOW
OBS_00349,9:39:00,174,29.920378,78.076475,4.2,76.6,SEC_RK_HW,,251.36,11.64,62.64,-74.53,,CLEAR,LOW
OBS_00350,9:39:30,174.5,29.921727,78.080323,5.7,74.4,SEC_RK_HW,,251.98,11.02,62.02,-74.7,,CLEAR,LOW
OBS_00351,9:40:00,175,29.923089,78.084208,7,75.1,SEC_RK_HW,,252.61,10.39,61.39,-74.87,,CLEAR,LOW
OBS_00352,9:40:30,175.5,29.924436,78.088049,6.3,74.3,SEC_RK_HW,,253.23,9.77,60.77,-75.03,,CLEAR,LOW
OBS_00353,9:41:00,176,29.925823,78.092005,6.4,76.5,SEC_RK_HW,,253.87,9.13,60.13,-75.21,,CLEAR,LOW
OBS_00354,9:41:30,176.5,29.927179,78.095872,5.6,74.7,SEC_RK_HW,,254.49,8.51,59.51,-75.38,,CLEAR,LOW
OBS_00355,9:42:00,177,29.928553,78.099791,5.3,75.8,SEC_RK_HW,,255.12,7.88,58.88,-75.56,,CLEAR,LOW
OBS_00356,9:42:30,177.5,29.929961,78.103808,7,77.6,SEC_RK_HW,,255.77,7.23,58.23,-75.75,,CLEAR,LOW
OBS_00357,9:43:00,178,29.931323,78.107693,5.9,75.1,SEC_RK_HW,,256.39,6.61,57.61,-75.92,,CLEAR,LOW
OBS_00358,9:43:30,178.5,29.93271,78.11165,6.2,76.5,SEC_RK_HW,,257.03,5.97,56.97,-76.1,,CLEAR,LOW
OBS_00359,9:44:00,179,29.934126,78.115687,4.6,78,SEC_RK_HW,,257.68,5.32,56.32,-76.3,,CLEAR,LOW
OBS_00360,9:44:30,179.5,29.93548,78.11955,6,74.7,SEC_RK_HW,,258.3,4.7,55.7,-76.47,,CLEAR,LOW
OBS_00361,9:45:00,180,29.93683,78.1234,4.5,74.4,SEC_RK_HW,,258.92,4.08,55.08,-76.63,,CLEAR,LOW
OBS_00362,9:45:30,180.5,29.938173,78.127231,4,74.1,SEC_RK_HW,,259.54,3.46,54.46,-76.79,,CLEAR,LOW
OBS_00363,9:46:00,181,29.939547,78.13115,5.8,75.8,SEC_RK_HW,,260.17,2.83,53.83,-76.97,,CLEAR,LOW
OBS_00364,9:46:30,181.5,29.940908,78.135032,4.7,75,SEC_RK_HW,,260.8,2.2,53.2,-77.14,,CLEAR,LOW
OBS_00365,9:47:00,182,29.942304,78.139012,6.1,76.9,SEC_RK_HW,,261.44,1.56,52.56,-77.33,,CLEAR,LOW
OBS_00366,9:47:30,182.5,29.943678,78.142933,6.1,75.8,SEC_RK_HW,,262.07,0.93,51.93,-77.5,,CLEAR,LOW
OBS_00367,9:48:00,183,29.945091,78.146964,6.4,77.9,SEC_RK_HW,,262.72,0.28,51.28,-77.7,,CLEAR,LOW
OBS_00368,9:48:30,183.5,29.9457,78.1487,6,0,,HW,263,51,51,-77.5,ARRIVED,CLEAR,LOW
OBS_00369,9:49:00,184,29.9457,78.1487,4.9,0,,HW,263,51,51,-85,,CLEAR,LOW
OBS_00370,9:49:30,184.5,29.9457,78.1487,3.9,0,,HW,263,51,51,-84.5,,CLEAR,LOW
OBS_00371,9:50:00,185,29.9457,78.1487,4.1,0,,HW,263,51,51,-84,,CLEAR,LOW
OBS_00372,9:50:30,185.5,29.9457,78.1487,4.3,0,,HW,263,51,51,-83.5,,CLEAR,LOW
OBS_00373,9:51:00,186,29.9457,78.1487,4.8,0,,HW,263,51,51,-83,,CLEAR,LOW
OBS_00374,9:51:30,186.5,29.9457,78.1487,4.7,0,,HW,263,51,51,-82.5,,CLEAR,LOW
OBS_00375,9:52:00,187,29.9457,78.1487,3.1,0,,HW,263,51,51,-82,,CLEAR,LOW
OBS_00376,9:52:30,187.5,29.9457,78.1487,3.3,0,,HW,263,51,51,-81.5,,CLEAR,LOW
OBS_00377,9:53:00,188,29.9457,78.1487,3.6,0,,HW,263,51,51,-81,,CLEAR,LOW
OBS_00378,9:53:30,188.5,29.9457,78.1487,4.5,0,,HW,263,51,51,-80.5,,CLEAR,LOW
OBS_00379,9:54:00,189,29.9457,78.1487,4.1,0,,HW,263,51,51,-80,,CLEAR,LOW
OBS_00380,9:54:30,189.5,29.9457,78.1487,3.6,0,,HW,263,51,51,-79.5,,CLEAR,LOW
OBS_00381,9:55:00,190,29.9457,78.1487,3.2,0,,HW,263,51,51,-79,,CLEAR,LOW
OBS_00382,9:55:30,190.5,29.9457,78.1487,4.4,0,,HW,263,51,51,-78.5,,CLEAR,LOW
OBS_00383,9:56:00,191,29.9457,78.1487,4.4,0,,HW,263,51,51,-78,,CLEAR,LOW
OBS_00384,9:56:30,191.5,29.9457,78.1487,4.9,0,,HW,263,51,51,-77.5,DEPARTED,CLEAR,LOW
OBS_00385,9:57:00,192,29.949146,78.147615,5.5,57,SEC_HW_DDN,,263.48,50.52,50.52,-77.63,,CLEAR,LOW
OBS_00386,9:57:30,192.5,29.952506,78.146557,4.1,55.6,SEC_HW_DDN,,263.94,50.06,50.06,-77.75,,CLEAR,LOW
OBS_00387,9:58:00,193,29.955938,78.145477,5,56.8,SEC_HW_DDN,,264.41,49.59,49.59,-77.88,,CLEAR,LOW
OBS_00388,9:58:30,193.5,29.959332,78.144408,4.3,56.1,SEC_HW_DDN,,264.88,49.12,49.12,-78.01,,CLEAR,LOW
OBS_00389,9:59:00,194,29.962874,78.143293,6.5,58.6,SEC_HW_DDN,,265.37,48.63,48.63,-78.16,,CLEAR,LOW
OBS_00390,9:59:30,194.5,29.966335,78.142203,6.9,57.3,SEC_HW_DDN,,265.84,48.16,48.16,-78.29,,CLEAR,LOW
OBS_00391,10:00:00,195,29.969885,78.141085,6,58.7,SEC_HW_DDN,,266.33,47.67,47.67,-78.44,,CLEAR,LOW
OBS_00392,10:00:30,195.5,29.973283,78.140015,4.1,56.2,SEC_HW_DDN,,266.8,47.2,47.2,-78.57,,CLEAR,LOW
OBS_00393,10:01:00,196,29.976782,78.138913,5.4,57.9,SEC_HW_DDN,,267.28,46.72,46.72,-78.71,,CLEAR,LOW
OBS_00394,10:01:30,196.5,29.980259,78.137818,6.7,57.5,SEC_HW_DDN,,267.76,46.24,46.24,-78.85,,CLEAR,LOW
OBS_00395,10:02:00,197,29.98364,78.136754,5.8,55.9,SEC_HW_DDN,,268.23,45.77,45.77,-78.97,,CLEAR,LOW
OBS_00396,10:02:30,197.5,29.987114,78.13566,5.5,57.5,SEC_HW_DDN,,268.71,45.29,45.29,-79.11,,CLEAR,LOW
OBS_00397,10:03:00,198,29.990475,78.134602,5,55.6,SEC_HW_DDN,,269.17,44.83,44.83,-79.23,,CLEAR,LOW
OBS_00398,10:03:30,198.5,29.993887,78.133528,6,56.4,SEC_HW_DDN,,269.64,44.36,44.36,-79.36,,CLEAR,LOW
OBS_00399,10:04:00,199,29.997407,78.132419,5,58.2,SEC_HW_DDN,,270.13,43.87,43.87,-79.5,,CLEAR,LOW
OBS_00400,10:04:30,199.5,30.000893,78.131322,4.9,57.7,SEC_HW_DDN,,270.61,43.39,43.39,-79.64,,CLEAR,LOW
OBS_00401,10:05:00,200,30.004431,78.130208,6.4,58.5,SEC_HW_DDN,,271.1,42.9,42.9,-79.79,,CLEAR,LOW
OBS_00402,10:05:30,200.5,30.007888,78.129119,5.4,57.2,SEC_HW_DDN,,271.57,42.43,42.43,-79.93,,CLEAR,LOW
OBS_00403,10:06:00,201,30.011295,78.128046,5,56.4,SEC_HW_DDN,,272.04,41.96,41.96,-80.06,,CLEAR,LOW
OBS_00404,10:06:30,201.5,30.014839,78.126931,5.2,58.6,SEC_HW_DDN,,272.53,41.47,41.47,-80.21,,CLEAR,LOW
OBS_00405,10:07:00,202,30.018288,78.125845,7,57,SEC_HW_DDN,,273.01,40.99,40.99,-80.34,,CLEAR,LOW
OBS_00406,10:07:30,202.5,30.021766,78.124749,5.6,57.5,SEC_HW_DDN,,273.48,40.52,40.52,-80.48,,CLEAR,LOW
OBS_00407,10:08:00,203,30.025194,78.12367,4.6,56.7,SEC_HW_DDN,,273.96,40.04,40.04,-80.61,,CLEAR,LOW
OBS_00408,10:08:30,203.5,30.028612,78.122594,6.3,56.5,SEC_HW_DDN,,274.43,39.57,39.57,-80.74,,CLEAR,LOW
OBS_00409,10:09:00,204,30.032084,78.121501,6.3,57.4,SEC_HW_DDN,,274.91,39.09,39.09,-80.88,,CLEAR,LOW
OBS_00410,10:09:30,204.5,30.035469,78.120435,5.6,56,SEC_HW_DDN,,275.37,38.63,38.63,-81,,CLEAR,LOW
OBS_00411,10:10:00,205,30.039003,78.119322,5.3,58.5,SEC_HW_DDN,,275.86,38.14,38.14,-81.15,,CLEAR,LOW
OBS_00412,10:10:30,205.5,30.04249,78.118224,4.4,57.7,SEC_HW_DDN,,276.34,37.66,37.66,-81.29,,CLEAR,LOW
OBS_00413,10:11:00,206,30.046034,78.117108,5.8,58.6,SEC_HW_DDN,,276.83,37.17,37.17,-81.44,,CLEAR,LOW
OBS_00414,10:11:30,206.5,30.049426,78.11604,4.5,56.1,SEC_HW_DDN,,277.3,36.7,36.7,-81.56,,CLEAR,LOW
OBS_00415,10:12:00,207,30.052883,78.114952,5.7,57.2,SEC_HW_DDN,,277.77,36.23,36.23,-81.7,,CLEAR,LOW
OBS_00416,10:12:30,207.5,30.056245,78.113893,7,55.6,SEC_HW_DDN,,278.24,35.76,35.76,-81.82,,CLEAR,LOW
OBS_00417,10:13:00,208,30.059776,78.112781,5.4,58.4,SEC_HW_DDN,,278.72,35.28,35.28,-81.97,,CLEAR,LOW
OBS_00418,10:13:30,208.5,30.063143,78.111721,6.5,55.7,SEC_HW_DDN,,279.19,34.81,34.81,-82.08,,CLEAR,LOW
OBS_00419,10:14:00,209,30.066589,78.110636,6.1,57,SEC_HW_DDN,,279.66,34.34,34.34,-82.22,,CLEAR,LOW
OBS_00420,10:14:30,209.5,30.070037,78.109551,4.8,57,SEC_HW_DDN,,280.14,33.86,33.86,-82.35,,CLEAR,LOW
OBS_00421,10:15:00,210,30.073552,78.108444,6.9,58.1,SEC_HW_DDN,,280.62,33.38,33.38,-82.5,,CLEAR,LOW
OBS_00422,10:15:30,210.5,30.076945,78.107375,5.7,56.1,SEC_HW_DDN,,281.09,32.91,32.91,-82.62,,CLEAR,LOW
OBS_00423,10:16:00,211,30.080367,78.106298,6.8,56.6,SEC_HW_DDN,,281.56,32.44,32.44,-82.75,,CLEAR,LOW
OBS_00424,10:16:30,211.5,30.083815,78.105212,6.6,57,SEC_HW_DDN,,282.04,31.96,31.96,-82.88,,CLEAR,LOW
OBS_00425,10:17:00,212,30.087337,78.104104,4.8,58.2,SEC_HW_DDN,,282.52,31.48,31.48,-83.03,,CLEAR,LOW
OBS_00426,10:17:30,212.5,30.090843,78.103,5.2,58,SEC_HW_DDN,,283.01,30.99,30.99,-83.17,,CLEAR,LOW
OBS_00427,10:18:00,213,30.094379,78.101886,5.5,58.5,SEC_HW_DDN,,283.49,30.51,30.51,-83.32,,CLEAR,LOW
OBS_00428,10:18:30,213.5,30.097891,78.10078,4.8,58.1,SEC_HW_DDN,,283.98,30.02,30.02,-83.47,,CLEAR,LOW
OBS_00429,10:19:00,214,30.101295,78.099709,5.8,56.3,SEC_HW_DDN,,284.45,29.55,29.55,-83.6,,CLEAR,LOW
OBS_00430,10:19:30,214.5,30.104845,78.098591,5.5,58.7,SEC_HW_DDN,,284.94,29.06,29.06,-83.75,,CLEAR,LOW
OBS_00431,10:20:00,215,30.108218,78.097529,5.6,55.8,SEC_HW_DDN,,285.4,28.6,28.6,-83.87,,CLEAR,LOW
OBS_00432,10:20:30,215.5,30.111632,78.096454,5.7,56.5,SEC_HW_DDN,,285.87,28.13,28.13,-84,,CLEAR,LOW
OBS_00433,10:21:00,216,30.115087,78.095366,5.4,57.1,SEC_HW_DDN,,286.35,27.65,27.65,-84.13,,CLEAR,LOW
OBS_00434,10:21:30,216.5,30.118496,78.094293,4.6,56.4,SEC_HW_DDN,,286.82,27.18,27.18,-84.26,,CLEAR,LOW
OBS_00435,10:22:00,217,30.121983,78.093195,5.7,57.7,SEC_HW_DDN,,287.3,26.7,26.7,-84.4,,CLEAR,LOW
OBS_00436,10:22:30,217.5,30.125374,78.092127,6.3,56.1,SEC_HW_DDN,,287.77,26.23,26.23,-84.52,,CLEAR,LOW
OBS_00437,10:23:00,218,30.128726,78.091072,6.2,55.4,SEC_HW_DDN,,288.23,25.77,25.77,-84.64,,CLEAR,LOW
OBS_00438,10:23:30,218.5,30.132214,78.089973,6.4,57.7,SEC_HW_DDN,,288.71,25.29,25.29,-84.78,,CLEAR,LOW
OBS_00439,10:24:00,219,30.135637,78.088896,6,56.6,SEC_HW_DDN,,289.18,24.82,24.82,-84.91,,CLEAR,LOW
OBS_00440,10:24:30,219.5,30.139149,78.08779,6.9,58.1,SEC_HW_DDN,,289.66,24.34,24.34,-85.05,,CLEAR,LOW
OBS_00441,10:25:00,220,30.142594,78.086705,4.1,57,SEC_HW_DDN,,290.14,23.86,23.86,-85.19,,CLEAR,LOW
OBS_00442,10:25:30,220.5,30.146041,78.08562,5.8,57,SEC_HW_DDN,,290.61,23.39,23.39,-85.32,,CLEAR,LOW
OBS_00443,10:26:00,221,30.149564,78.084511,6.6,58.3,SEC_HW_DDN,,291.1,22.9,22.9,-85.47,,CLEAR,LOW
OBS_00444,10:26:30,221.5,30.152997,78.083429,5.6,56.8,SEC_HW_DDN,,291.57,22.43,22.43,-85.6,,CLEAR,LOW
OBS_00445,10:27:00,222,30.156434,78.082347,6.2,56.9,SEC_HW_DDN,,292.05,21.95,21.95,-85.73,,CLEAR,LOW
OBS_00446,10:27:30,222.5,30.159862,78.081268,6,56.7,SEC_HW_DDN,,292.52,21.48,21.48,-85.86,,CLEAR,LOW
OBS_00447,10:28:00,223,30.163237,78.080205,5.4,55.8,SEC_HW_DDN,,292.98,21.02,21.02,-85.98,,CLEAR,LOW
OBS_00448,10:28:30,223.5,30.16678,78.07909,5,58.6,SEC_HW_DDN,,293.47,20.53,20.53,-86.13,,CLEAR,LOW
OBS_00449,10:29:00,224,30.170266,78.077992,5.9,57.7,SEC_HW_DDN,,293.95,20.05,20.05,-86.27,,CLEAR,LOW
OBS_00450,10:29:30,224.5,30.173784,78.076884,6.6,58.2,SEC_HW_DDN,,294.44,19.56,19.56,-86.42,,CLEAR,LOW
OBS_00451,10:30:00,225,30.177305,78.075776,5.1,58.2,SEC_HW_DDN,,294.92,19.08,19.08,-86.57,,CLEAR,LOW
OBS_00452,10:30:30,225.5,30.180713,78.074703,6.2,56.4,SEC_HW_DDN,,295.39,18.61,18.61,-86.69,,CLEAR,LOW
OBS_00453,10:31:00,226,30.184213,78.073601,6.6,57.9,SEC_HW_DDN,,295.88,18.12,18.12,-86.83,,CLEAR,LOW
OBS_00454,10:31:30,226.5,30.187563,78.072546,4.2,55.4,SEC_HW_DDN,,296.34,17.66,17.66,-86.95,,CLEAR,LOW
OBS_00455,10:32:00,227,30.191036,78.071452,6.8,57.4,SEC_HW_DDN,,296.82,17.18,17.18,-87.09,,CLEAR,LOW
OBS_00456,10:32:30,227.5,30.194585,78.070335,6.2,58.7,SEC_HW_DDN,,297.31,16.69,16.69,-87.24,,CLEAR,LOW
OBS_00457,10:33:00,228,30.198017,78.069254,4.3,56.8,SEC_HW_DDN,,297.78,16.22,16.22,-87.37,,CLEAR,LOW
OBS_00458,10:33:30,228.5,30.201491,78.06816,6.6,57.5,SEC_HW_DDN,,298.26,15.74,15.74,-87.51,,CLEAR,LOW
OBS_00459,10:34:00,229,30.204925,78.067079,6.1,56.8,SEC_HW_DDN,,298.73,15.27,15.27,-87.64,,CLEAR,LOW
OBS_00460,10:34:30,229.5,30.208455,78.065968,4.1,58.4,SEC_HW_DDN,,299.22,14.78,14.78,-87.79,,CLEAR,LOW
OBS_00461,10:35:00,230,30.211962,78.064863,4.9,58,SEC_HW_DDN,,299.7,14.3,14.3,-87.93,,CLEAR,LOW
OBS_00462,10:35:30,230.5,30.215382,78.063786,4.4,56.6,SEC_HW_DDN,,300.17,13.83,13.83,-88.06,,CLEAR,LOW
OBS_00463,10:36:00,231,30.218835,78.062699,5.7,57.1,SEC_HW_DDN,,300.65,13.35,13.35,-88.2,,CLEAR,LOW
OBS_00464,10:36:30,231.5,30.222342,78.061595,4.5,58,SEC_HW_DDN,,301.13,12.87,12.87,-88.34,,CLEAR,LOW
OBS_00465,10:37:00,232,30.225701,78.060538,6.6,55.6,SEC_HW_DDN,,301.59,12.41,12.41,-88.46,,CLEAR,LOW
OBS_00466,10:37:30,232.5,30.229171,78.059445,4.7,57.4,SEC_HW_DDN,,302.07,11.93,11.93,-88.6,,CLEAR,LOW
OBS_00467,10:38:00,233,30.232703,78.058333,4.4,58.4,SEC_HW_DDN,,302.56,11.44,11.44,-88.75,,CLEAR,LOW
OBS_00468,10:38:30,233.5,30.236141,78.05725,4.8,56.9,SEC_HW_DDN,,303.03,10.97,10.97,-88.88,,CLEAR,LOW
OBS_00469,10:39:00,234,30.239536,78.056181,4,56.2,SEC_HW_DDN,,303.5,10.5,10.5,-89,,CLEAR,LOW
OBS_00470,10:39:30,234.5,30.243045,78.055076,6.7,58,SEC_HW_DDN,,303.99,10.01,10.01,-89.15,,CLEAR,LOW
OBS_00471,10:40:00,235,30.246528,78.05398,4.5,57.6,SEC_HW_DDN,,304.47,9.53,9.53,-89.29,,CLEAR,LOW
OBS_00472,10:40:30,235.5,30.249962,78.052899,5,56.8,SEC_HW_DDN,,304.94,9.06,9.06,-89.42,,CLEAR,LOW
OBS_00473,10:41:00,236,30.253426,78.051808,5.9,57.3,SEC_HW_DDN,,305.42,8.58,8.58,-89.56,,CLEAR,LOW
OBS_00474,10:41:30,236.5,30.256857,78.050728,4.8,56.7,SEC_HW_DDN,,305.89,8.11,8.11,-89.69,,CLEAR,LOW
OBS_00475,10:42:00,237,30.260374,78.04962,4.6,58.2,SEC_HW_DDN,,306.37,7.63,7.63,-89.83,,CLEAR,LOW
OBS_00476,10:42:30,237.5,30.263797,78.048543,5.4,56.6,SEC_HW_DDN,,306.85,7.15,7.15,-89.96,,CLEAR,LOW
OBS_00477,10:43:00,238,30.267188,78.047475,5.7,56.1,SEC_HW_DDN,,307.31,6.69,6.69,-90.08,,CLEAR,LOW
OBS_00478,10:43:30,238.5,30.27065,78.046385,7,57.3,SEC_HW_DDN,,307.79,6.21,6.21,-90.22,,CLEAR,LOW
OBS_00479,10:44:00,239,30.274054,78.045313,6.9,56.3,SEC_HW_DDN,,308.26,5.74,5.74,-90.35,,CLEAR,LOW
OBS_00480,10:44:30,239.5,30.277532,78.044218,4.8,57.5,SEC_HW_DDN,,308.74,5.26,5.26,-90.49,,CLEAR,LOW
OBS_00481,10:45:00,240,30.280992,78.043128,6.1,57.2,SEC_HW_DDN,,309.22,4.78,4.78,-90.62,,CLEAR,LOW
OBS_00482,10:45:30,240.5,30.284489,78.042027,4.1,57.8,SEC_HW_DDN,,309.7,4.3,4.3,-90.76,,CLEAR,LOW
OBS_00483,10:46:00,241,30.287957,78.040935,5.5,57.4,SEC_HW_DDN,,310.18,3.82,3.82,-90.9,,CLEAR,LOW
OBS_00484,10:46:30,241.5,30.291487,78.039824,4.9,58.4,SEC_HW_DDN,,310.66,3.34,3.34,-91.05,,CLEAR,LOW
OBS_00485,10:47:00,242,30.294994,78.038719,5.8,58,SEC_HW_DDN,,311.15,2.85,2.85,-91.19,,CLEAR,LOW
OBS_00486,10:47:30,242.5,30.29841,78.037644,5.9,56.5,SEC_HW_DDN,,311.62,2.38,2.38,-91.32,,CLEAR,LOW
OBS_00487,10:48:00,243,30.301881,78.036551,6,57.4,SEC_HW_DDN,,312.1,1.9,1.9,-91.46,,CLEAR,LOW
OBS_00488,10:48:30,243.5,30.305373,78.035452,6,57.8,SEC_HW_DDN,,312.58,1.42,1.42,-91.6,,CLEAR,LOW
OBS_00489,10:49:00,244,30.308889,78.034345,5.9,58.2,SEC_HW_DDN,,313.06,0.94,0.94,-91.75,,CLEAR,LOW
OBS_00490,10:49:30,244.5,30.312418,78.033233,5.9,58.4,SEC_HW_DDN,,313.55,0.45,0.45,-91.9,,CLEAR,LOW
OBS_00491,10:50:00,245,30.3157,78.0322,5.3,0,,DDN,314,0,0,-92,ARRIVED,CLEAR,LOW
